-- Insert person, clients and employees
INSERT INTO supermarket.person(NIF, name, address, phone, email) VALUES(239345665, 'Artur Fernandes', 'Av. Europa 705, 3810-140 Aveiro', '938971607', 'artuf93@mail.pt');
INSERT INTO supermarket.client(clientID, website, clientSince, NIF) VALUES(0, '', '2011/10/03', 239345665);
INSERT INTO supermarket.person(NIF, name, address, phone, email) VALUES(245817349, 'Filipe Matos', 'R. Cónego Maio 74, 3810-089 Aveiro', '926152186', 'filimat92@hotmail.pt');
INSERT INTO supermarket.client(clientID, website, clientSince, NIF) VALUES(1, '', '2014/12/01', 245817349);
INSERT INTO supermarket.person(NIF, name, address, phone, email) VALUES(218456071, 'Vanessa Figueiredo', 'R. Cónego Maio 74, 3810-089 Aveiro', '916029333', 'vafi91@hotmail.pt');
INSERT INTO supermarket.client(clientID, website, clientSince, NIF) VALUES(2, '', '2013/04/27', 218456071);
INSERT INTO supermarket.person(NIF, name, address, phone, email) VALUES(276611096, 'Eva Ferreira', 'Estr. de São Bernardo 192, 3810-164 Aveiro', '937220604', 'eva_ferr93@mail.com');
INSERT INTO supermarket.employee(employeeID, employeeSince, salary, jobtitle, NIF) VALUES(0, '2012/01/07', 663, 'Operador de Caixa', 276611096);
INSERT INTO supermarket.person(NIF, name, address, phone, email) VALUES(233373721, 'Patrícia Pires', 'R. das Cavadas 80, 3810-030 Aveiro', '914480074', 'ppir91@sapo.pt');
INSERT INTO supermarket.client(clientID, website, clientSince, NIF) VALUES(3, '', '2019/05/04', 233373721);
INSERT INTO supermarket.person(NIF, name, address, phone, email) VALUES(253657116, 'Daniela Fernandes', 'Variante à N326 3811, 3811-902 Aveiro', '928095259', 'dani_fe92@gmail.pt');
INSERT INTO supermarket.client(clientID, website, clientSince, NIF) VALUES(4, '', '2013/02/20', 253657116);
INSERT INTO supermarket.person(NIF, name, address, phone, email) VALUES(284614690, 'Matilde Monteiro', 'Av. Europa 191, 3800-533 Cacia', '918293463', 'mati_mont91@gmail.pt');
INSERT INTO supermarket.client(clientID, website, clientSince, NIF) VALUES(5, '', '2019/08/28', 284614690);
INSERT INTO supermarket.person(NIF, name, address, phone, email) VALUES(265388071, 'Ricardo Moreira', 'R. do Vale Covo Zona Industrial da Taboeira 3800-055, Aveiro', '928948786', 'r_m92@aol.com');
INSERT INTO supermarket.client(clientID, website, clientSince, NIF) VALUES(6, '', '2010/05/22', 265388071);
INSERT INTO supermarket.person(NIF, name, address, phone, email) VALUES(281444391, 'Tomás Martins', 'Feira Nova Hipermercados, Esgueira, 3800-000 Aveiro', '914643059', 'tom_mar91@gmail.pt');
INSERT INTO supermarket.client(clientID, website, clientSince, NIF) VALUES(7, '', '2017/07/30', 281444391);
INSERT INTO supermarket.person(NIF, name, address, phone, email) VALUES(254918702, 'Filipe Gomes', 'Estr. de São Bernardo 192, 3810-164 Aveiro', '934733990', 'fi.g93@mail.pt');
INSERT INTO supermarket.client(clientID, website, clientSince, NIF) VALUES(8, '', '2020/04/09', 254918702);
INSERT INTO supermarket.person(NIF, name, address, phone, email) VALUES(213606450, 'José Ribeiro', 'Rua de Vicente Almeida de Eça 12, 3800-144 Aveiro', '928055417', 'j_rib92@aol.com');
INSERT INTO supermarket.client(clientID, website, clientSince, NIF) VALUES(9, '', '2011/06/17', 213606450);
INSERT INTO supermarket.person(NIF, name, address, phone, email) VALUES(257245240, 'Daniela Mendes', 'Variante à N326 3811, 3811-902 Aveiro', '927987768', 'dmen92@mail.com');
INSERT INTO supermarket.client(clientID, website, clientSince, NIF) VALUES(10, '', '2012/04/12', 257245240);
INSERT INTO supermarket.person(NIF, name, address, phone, email) VALUES(203538494, 'Afonso Mendes', 'R. Cónego Maio 133, 3810-089 Aveiro', '963382750', 'af_men96@hotmail.pt');
INSERT INTO supermarket.employee(employeeID, employeeSince, salary, jobtitle, NIF) VALUES(1, '2019/10/25', 600, 'Operador de Caixa', 203538494);
INSERT INTO supermarket.person(NIF, name, address, phone, email) VALUES(200802378, 'Tiago Rodrigues', 'Estr. de São Bernardo 93, 3810-164 Aveiro', '922611908', 't_rod92@hotmail.pt');
INSERT INTO supermarket.client(clientID, website, clientSince, NIF) VALUES(11, '', '2017/01/27', 200802378);
INSERT INTO supermarket.person(NIF, name, address, phone, email) VALUES(202195022, 'Ana Pinto', 'Av. Europa 705, 3810-140 Aveiro', '927579086', 'anapint92@sapo.pt');
INSERT INTO supermarket.client(clientID, website, clientSince, NIF) VALUES(12, '', '2016/07/15', 202195022);
INSERT INTO supermarket.person(NIF, name, address, phone, email) VALUES(275906644, 'Nuno Pereira', 'R. Direita de Aradas 103, 3810-005 Aveiro', '935624017', 'n_per93@mail.com');
INSERT INTO supermarket.client(clientID, website, clientSince, NIF) VALUES(13, '', '2020/11/13', 275906644);
INSERT INTO supermarket.person(NIF, name, address, phone, email) VALUES(223592552, 'Santiago Oliveira', 'Feira Nova Hipermercados, Esgueira, 3800-000 Aveiro', '964032238', 'santoliv96@gmail.pt');
INSERT INTO supermarket.client(clientID, website, clientSince, NIF) VALUES(14, '', '2011/11/16', 223592552);
INSERT INTO supermarket.person(NIF, name, address, phone, email) VALUES(271917167, 'Cátia Matos', 'R. das Cavadas 80, 3810-030 Aveiro', '921731075', 'camat92@sapo.com');
INSERT INTO supermarket.client(clientID, website, clientSince, NIF) VALUES(15, '', '2020/03/07', 271917167);
INSERT INTO supermarket.person(NIF, name, address, phone, email) VALUES(213647472, 'Manuel Nunes', 'R. da Paz 109 A, 3800-587 Cacia', '929306898', 'm.nune92@gmail.pt');
INSERT INTO supermarket.client(clientID, website, clientSince, NIF) VALUES(16, '', '2010/07/01', 213647472);
INSERT INTO supermarket.person(NIF, name, address, phone, email) VALUES(283377779, 'Cátia Araújo', 'Estr. de São Bernardo 93, 3810-164 Aveiro', '932319260', 'cat.a93@sapo.com');
INSERT INTO supermarket.employee(employeeID, employeeSince, salary, jobtitle, NIF) VALUES(2, '2016/10/14', 614, 'Operador de Caixa', 283377779);
INSERT INTO supermarket.person(NIF, name, address, phone, email) VALUES(242458740, 'Rodrigo Vieira', 'Alameda Silva Rocha, 3800-385 Aveiro', '967986385', 'rodvie96@sapo.pt');
INSERT INTO supermarket.client(clientID, website, clientSince, NIF) VALUES(17, '', '2017/07/17', 242458740);
INSERT INTO supermarket.person(NIF, name, address, phone, email) VALUES(288899189, 'André Rocha', 'R. Direita de Aradas 103, 3810-005 Aveiro', '968349215', 'andr_roc96@sapo.pt');
INSERT INTO supermarket.client(clientID, website, clientSince, NIF) VALUES(18, '', '2012/04/13', 288899189);
INSERT INTO supermarket.person(NIF, name, address, phone, email) VALUES(268533875, 'Vasco Vieira', 'Estr. de São Bernardo 318E, 3810-174 Aveiro', '938982311', 'vavie93@gmail.pt');
INSERT INTO supermarket.client(clientID, website, clientSince, NIF) VALUES(19, '', '2019/12/22', 268533875);
INSERT INTO supermarket.person(NIF, name, address, phone, email) VALUES(241909876, 'Diogo Pires', 'Av. Europa 191, 3800-533 Cacia', '965710424', 'diopir96@hotmail.com');
INSERT INTO supermarket.client(clientID, website, clientSince, NIF) VALUES(20, '', '2013/10/10', 241909876);
INSERT INTO supermarket.person(NIF, name, address, phone, email) VALUES(276529276, 'Andreia Teixeira', 'R. dos Bombeiros da Celulose 85, 3800-536 Cacia', '936060654', 'andr.t93@gmail.pt');
INSERT INTO supermarket.client(clientID, website, clientSince, NIF) VALUES(21, '', '2019/03/29', 276529276);
INSERT INTO supermarket.person(NIF, name, address, phone, email) VALUES(261808253, 'André Figueiredo', 'Av. Europa 705, 3810-140 Aveiro', '961356368', 'a.f96@sapo.com');
INSERT INTO supermarket.client(clientID, website, clientSince, NIF) VALUES(22, '', '2014/07/01', 261808253);
INSERT INTO supermarket.person(NIF, name, address, phone, email) VALUES(238321792, 'Fábio Figueiredo', 'Rua de Vicente Almeida de Eça 12, 3800-144 Aveiro', '963288974', 'fa_fi96@hotmail.pt');
INSERT INTO supermarket.employee(employeeID, employeeSince, salary, jobtitle, NIF) VALUES(3, '2019/07/11', 648, 'Operador de Caixa', 238321792);
INSERT INTO supermarket.person(NIF, name, address, phone, email) VALUES(252706946, 'Filipe Santos', 'R. Direita de Aradas 103, 3810-005 Aveiro', '914950308', 'fili_sant91@gmail.com');
INSERT INTO supermarket.client(clientID, website, clientSince, NIF) VALUES(23, '', '2011/05/10', 252706946);
INSERT INTO supermarket.person(NIF, name, address, phone, email) VALUES(208994437, 'Matilde Araújo', 'R. Dom Manuel Barbuda e Vasconcelos, 3810-498 Aveiro', '936785821', 'ma_ara93@gmail.com');
INSERT INTO supermarket.client(clientID, website, clientSince, NIF) VALUES(24, '', '2013/10/08', 208994437);
INSERT INTO supermarket.person(NIF, name, address, phone, email) VALUES(206962823, 'Marta Machado', 'R. Marquês de Pombal 99, 3800-527 Cacia', '925915367', 'ma_ma92@aol.com');
INSERT INTO supermarket.employee(employeeID, employeeSince, salary, jobtitle, NIF) VALUES(4, '2017/05/23', 676, 'Operador de Caixa', 206962823);
INSERT INTO supermarket.person(NIF, name, address, phone, email) VALUES(203382924, 'Mariana Pires', 'R. das Cavadas 80, 3810-030 Aveiro', '968816251', 'm_pir96@aol.com');
INSERT INTO supermarket.client(clientID, website, clientSince, NIF) VALUES(25, '', '2016/03/04', 203382924);
INSERT INTO supermarket.person(NIF, name, address, phone, email) VALUES(207003789, 'João Ramos', 'Alameda Silva Rocha, 3800-385 Aveiro', '936620530', 'joa.ramo93@outlook.pt');
INSERT INTO supermarket.client(clientID, website, clientSince, NIF) VALUES(26, '', '2019/08/01', 207003789);
INSERT INTO supermarket.person(NIF, name, address, phone, email) VALUES(264134802, 'João Martins', 'Av. Europa 191, 3800-533 Cacia', '913692867', 'joaom91@hotmail.pt');
INSERT INTO supermarket.employee(employeeID, employeeSince, salary, jobtitle, NIF) VALUES(5, '2013/01/30', 657, 'Operador de Caixa', 264134802);
INSERT INTO supermarket.person(NIF, name, address, phone, email) VALUES(209133715, 'Marta Santos', 'R. Cónego Maio 74, 3810-089 Aveiro', '936081608', 'm_sa93@sapo.pt');
INSERT INTO supermarket.client(clientID, website, clientSince, NIF) VALUES(27, '', '2019/04/19', 209133715);
INSERT INTO supermarket.person(NIF, name, address, phone, email) VALUES(289767575, 'Tomé Machado', 'R. das Cavadas 80, 3810-030 Aveiro', '964854373', 'tommach96@sapo.com');
INSERT INTO supermarket.client(clientID, website, clientSince, NIF) VALUES(28, '', '2020/07/08', 289767575);
INSERT INTO supermarket.person(NIF, name, address, phone, email) VALUES(290537627, 'Guilherme Sousa', 'R. Cónego Maio 133, 3810-089 Aveiro', '965703957', 'guiso96@sapo.com');
INSERT INTO supermarket.client(clientID, website, clientSince, NIF) VALUES(29, '', '2014/04/20', 290537627);
INSERT INTO supermarket.person(NIF, name, address, phone, email) VALUES(244392099, 'Pedro Fernandes', 'R. Marquês de Pombal 99, 3800-527 Cacia', '913811701', 'pfer91@hotmail.pt');
INSERT INTO supermarket.client(clientID, website, clientSince, NIF) VALUES(30, '', '2018/02/21', 244392099);
INSERT INTO supermarket.person(NIF, name, address, phone, email) VALUES(269074607, 'José Rocha', 'Av. Europa 191, 3800-533 Cacia', '912548271', 'joroch91@mail.pt');
INSERT INTO supermarket.client(clientID, website, clientSince, NIF) VALUES(31, '', '2020/01/03', 269074607);
INSERT INTO supermarket.person(NIF, name, address, phone, email) VALUES(282329263, 'Camila Jesus', 'Zona Industrial da Taboeira Aveiro, Retail Park Lote F, 3800-055 Aveiro', '938303361', 'cami.jesu93@hotmail.com');
INSERT INTO supermarket.client(clientID, website, clientSince, NIF) VALUES(32, '', '2018/11/02', 282329263);
INSERT INTO supermarket.person(NIF, name, address, phone, email) VALUES(287047859, 'Artur Castro', 'Av. Europa 705, 3810-140 Aveiro', '938162027', 'ar_ca93@mail.com');
INSERT INTO supermarket.client(clientID, website, clientSince, NIF) VALUES(33, '', '2016/10/09', 287047859);
INSERT INTO supermarket.person(NIF, name, address, phone, email) VALUES(275914934, 'Manuel Pinto', 'Urbanização Chave 52, 3810-081 Aveiro', '968508168', 'mpi96@mail.pt');
INSERT INTO supermarket.client(clientID, website, clientSince, NIF) VALUES(34, '', '2012/03/11', 275914934);
INSERT INTO supermarket.person(NIF, name, address, phone, email) VALUES(222314683, 'Miguel Machado', 'Alameda Silva Rocha, 3800-385 Aveiro', '965568338', 'miguma96@mail.pt');
INSERT INTO supermarket.client(clientID, website, clientSince, NIF) VALUES(35, '', '2016/04/08', 222314683);
INSERT INTO supermarket.person(NIF, name, address, phone, email) VALUES(203317436, 'Leandro Raposo', 'R. das Cavadas 80, 3810-030 Aveiro', '965380515', 'learap96@outlook.pt');
INSERT INTO supermarket.client(clientID, website, clientSince, NIF) VALUES(36, '', '2013/11/05', 203317436);
INSERT INTO supermarket.person(NIF, name, address, phone, email) VALUES(282624193, 'Diogo Antunes', 'Alameda Silva Rocha, 3800-385 Aveiro', '933698710', 'di_ant93@mail.com');
INSERT INTO supermarket.client(clientID, website, clientSince, NIF) VALUES(37, '', '2012/01/02', 282624193);
INSERT INTO supermarket.person(NIF, name, address, phone, email) VALUES(283181250, 'Patrícia Castro', 'R. das Cavadas 80, 3810-030 Aveiro', '911145179', 'pat_cast91@mail.com');
INSERT INTO supermarket.client(clientID, website, clientSince, NIF) VALUES(38, '', '2019/10/16', 283181250);
INSERT INTO supermarket.person(NIF, name, address, phone, email) VALUES(245162183, 'Tomé Tavares', 'R. das Pombas, 3810-150 Aveiro', '939966882', 'tom_tav93@sapo.pt');
INSERT INTO supermarket.client(clientID, website, clientSince, NIF) VALUES(39, '', '2012/02/04', 245162183);
INSERT INTO supermarket.person(NIF, name, address, phone, email) VALUES(229531853, 'Eva Costa', 'R. dos Bombeiros da Celulose 85, 3800-536 Cacia', '917731709', 'ev_cos91@hotmail.pt');
INSERT INTO supermarket.client(clientID, website, clientSince, NIF) VALUES(40, '', '2016/01/19', 229531853);
INSERT INTO supermarket.person(NIF, name, address, phone, email) VALUES(259203279, 'Santiago Araújo', 'Alameda Silva Rocha, 3800-385 Aveiro', '912694624', 'sana91@mail.com');
INSERT INTO supermarket.client(clientID, website, clientSince, NIF) VALUES(41, '', '2020/05/02', 259203279);
INSERT INTO supermarket.person(NIF, name, address, phone, email) VALUES(234127568, 'Beatriz Oliveira', 'Feira Nova Hipermercados, Esgueira, 3800-000 Aveiro', '922599143', 'bo92@aol.com');
INSERT INTO supermarket.client(clientID, website, clientSince, NIF) VALUES(42, '', '2019/07/01', 234127568);
INSERT INTO supermarket.person(NIF, name, address, phone, email) VALUES(258646230, 'Eva Fonseca', 'Alameda Silva Rocha, 3800-385 Aveiro', '926007373', 'evafo92@mail.com');
INSERT INTO supermarket.client(clientID, website, clientSince, NIF) VALUES(43, '', '2018/08/22', 258646230);
INSERT INTO supermarket.person(NIF, name, address, phone, email) VALUES(256508119, 'Santiago Ramos', 'Estr. de São Bernardo 318E, 3810-174 Aveiro', '929361011', 'sara92@mail.pt');
INSERT INTO supermarket.client(clientID, website, clientSince, NIF) VALUES(44, '', '2016/10/03', 256508119);
INSERT INTO supermarket.person(NIF, name, address, phone, email) VALUES(215081177, 'Sophie Marques', 'Feira Nova Hipermercados, Esgueira, 3800-000 Aveiro', '918773099', 'sopma91@mail.com');
INSERT INTO supermarket.client(clientID, website, clientSince, NIF) VALUES(45, '', '2020/12/26', 215081177);
INSERT INTO supermarket.person(NIF, name, address, phone, email) VALUES(293134555, 'André Soares', 'Rua de Vicente Almeida de Eça 12, 3800-144 Aveiro', '924706478', 'ans92@outlook.pt');
INSERT INTO supermarket.client(clientID, website, clientSince, NIF) VALUES(46, '', '2016/08/29', 293134555);
INSERT INTO supermarket.person(NIF, name, address, phone, email) VALUES(291578086, 'Marta Sousa', 'Estr. de São Bernardo 318E, 3810-174 Aveiro', '931404687', 'ma.sous93@mail.pt');
INSERT INTO supermarket.client(clientID, website, clientSince, NIF) VALUES(47, '', '2012/02/14', 291578086);
INSERT INTO supermarket.person(NIF, name, address, phone, email) VALUES(231792870, 'Miguel Correia', 'R. Marquês de Pombal 99, 3800-527 Cacia', '916459226', 'mi.cor91@mail.com');
INSERT INTO supermarket.client(clientID, website, clientSince, NIF) VALUES(48, '', '2012/10/02', 231792870);
INSERT INTO supermarket.person(NIF, name, address, phone, email) VALUES(265404650, 'Rita Costa', 'Urbanização Chave 52, 3810-081 Aveiro', '912536567', 'rcost91@hotmail.pt');
INSERT INTO supermarket.client(clientID, website, clientSince, NIF) VALUES(49, '', '2015/11/30', 265404650);
INSERT INTO supermarket.person(NIF, name, address, phone, email) VALUES(282984684, 'Vanessa Jesus', 'R. do Norte, 3830-167 Gafanha de Aquém', '923842003', 'vanjesu92@outlook.pt');
INSERT INTO supermarket.client(clientID, website, clientSince, NIF) VALUES(50, '', '2017/06/15', 282984684);
INSERT INTO supermarket.person(NIF, name, address, phone, email) VALUES(255762671, 'Guilherme Santos', 'R. das Cavadas 80, 3810-030 Aveiro', '917522631', 'guis91@gmail.pt');
INSERT INTO supermarket.client(clientID, website, clientSince, NIF) VALUES(51, '', '2017/10/22', 255762671);
INSERT INTO supermarket.person(NIF, name, address, phone, email) VALUES(220471539, 'João Vieira', 'R. da Cabreira 164, 3810-071 Aveiro', '931699665', 'jovi93@hotmail.com');
INSERT INTO supermarket.client(clientID, website, clientSince, NIF) VALUES(52, '', '2010/09/09', 220471539);
INSERT INTO supermarket.person(NIF, name, address, phone, email) VALUES(248078585, 'Rodrigo Ribeiro', 'Av. Europa 191, 3800-533 Cacia', '912865602', 'rodrr91@sapo.com');
INSERT INTO supermarket.employee(employeeID, employeeSince, salary, jobtitle, NIF) VALUES(6, '2013/08/04', 632, 'Operador de Caixa', 248078585);
INSERT INTO supermarket.person(NIF, name, address, phone, email) VALUES(280477953, 'Eva Azevedo', 'R. dos Bombeiros da Celulose 85, 3800-536 Cacia', '933862261', 'ea93@hotmail.com');
INSERT INTO supermarket.employee(employeeID, employeeSince, salary, jobtitle, NIF) VALUES(7, '2014/03/02', 600, 'Operador de Caixa', 280477953);
INSERT INTO supermarket.person(NIF, name, address, phone, email) VALUES(277160193, 'Camila Carvalho', 'Urbanização Chave 52, 3810-081 Aveiro', '939263133', 'c_c93@hotmail.pt');
INSERT INTO supermarket.client(clientID, website, clientSince, NIF) VALUES(53, '', '2011/06/19', 277160193);
INSERT INTO supermarket.person(NIF, name, address, phone, email) VALUES(237805839, 'Vanessa Rocha', 'R. Cónego Maio 74, 3810-089 Aveiro', '934645649', 'vr93@sapo.com');
INSERT INTO supermarket.client(clientID, website, clientSince, NIF) VALUES(54, '', '2019/01/01', 237805839);
INSERT INTO supermarket.person(NIF, name, address, phone, email) VALUES(200302863, 'Nuno Ferreira', 'R. das Cavadas 80, 3810-030 Aveiro', '968810046', 'nfer96@hotmail.com');
INSERT INTO supermarket.client(clientID, website, clientSince, NIF) VALUES(55, '', '2017/12/07', 200302863);
INSERT INTO supermarket.person(NIF, name, address, phone, email) VALUES(210149650, 'Marta Lourenço', 'R. do Norte, 3830-167 Gafanha de Aquém', '968072137', 'ma_lo96@outlook.pt');
INSERT INTO supermarket.client(clientID, website, clientSince, NIF) VALUES(56, '', '2020/10/18', 210149650);
INSERT INTO supermarket.person(NIF, name, address, phone, email) VALUES(297509139, 'Vasco Lourenço', 'Avenida Manuel Maria Da Rocha Colmieiro, 3800-305 Aveiro', '918067710', 'vlo91@aol.com');
INSERT INTO supermarket.client(clientID, website, clientSince, NIF) VALUES(57, '', '2012/10/26', 297509139);
INSERT INTO supermarket.person(NIF, name, address, phone, email) VALUES(231006484, 'Raquel Pereira', 'R. das Cavadas 80, 3810-030 Aveiro', '938667338', 'raq_p93@hotmail.pt');
INSERT INTO supermarket.client(clientID, website, clientSince, NIF) VALUES(58, '', '2013/03/08', 231006484);
INSERT INTO supermarket.person(NIF, name, address, phone, email) VALUES(240165145, 'Miguel Simões', 'Av. Europa 705, 3810-140 Aveiro', '968211000', 'migsim96@aol.pt');
INSERT INTO supermarket.client(clientID, website, clientSince, NIF) VALUES(59, '', '2020/09/05', 240165145);
INSERT INTO supermarket.person(NIF, name, address, phone, email) VALUES(272859425, 'Vanessa Monteiro', 'Av. Europa 705, 3810-140 Aveiro', '934552052', 'vane_mon93@gmail.pt');
INSERT INTO supermarket.client(clientID, website, clientSince, NIF) VALUES(60, '', '2017/12/03', 272859425);
INSERT INTO supermarket.person(NIF, name, address, phone, email) VALUES(203440419, 'Paulo Carvalho', 'Av. Europa 191, 3800-533 Cacia', '936383509', 'paul.car93@outlook.com');
INSERT INTO supermarket.client(clientID, website, clientSince, NIF) VALUES(61, '', '2010/06/27', 203440419);
INSERT INTO supermarket.person(NIF, name, address, phone, email) VALUES(249151780, 'Cátia Pinto', 'Feira Nova Hipermercados, Esgueira, 3800-000 Aveiro', '938566640', 'cap93@gmail.pt');
INSERT INTO supermarket.client(clientID, website, clientSince, NIF) VALUES(62, '', '2012/12/06', 249151780);
INSERT INTO supermarket.person(NIF, name, address, phone, email) VALUES(233054502, 'Manuel Gonçalves', 'Av. Europa 191, 3800-533 Cacia', '968230228', 'manugon96@hotmail.com');
INSERT INTO supermarket.client(clientID, website, clientSince, NIF) VALUES(63, '', '2010/07/09', 233054502);
INSERT INTO supermarket.person(NIF, name, address, phone, email) VALUES(247759146, 'Artur Correia', 'R. das Cavadas 80, 3810-030 Aveiro', '914490674', 'arc91@aol.pt');
INSERT INTO supermarket.employee(employeeID, employeeSince, salary, jobtitle, NIF) VALUES(8, '2010/11/18', 680, 'Operador de Caixa', 247759146);
INSERT INTO supermarket.person(NIF, name, address, phone, email) VALUES(233660717, 'Bernardo Cardoso', 'R. do Norte nº1 Loja D, 3830-167 Gafanha de Aquém', '913602780', 'b.c91@hotmail.com');
INSERT INTO supermarket.client(clientID, website, clientSince, NIF) VALUES(64, '', '2016/08/01', 233660717);
INSERT INTO supermarket.person(NIF, name, address, phone, email) VALUES(269312302, 'Leonor Araújo', 'R. das Pombas, 3810-150 Aveiro', '966347434', 'leo.a96@outlook.com');
INSERT INTO supermarket.client(clientID, website, clientSince, NIF) VALUES(65, '', '2015/02/11', 269312302);
INSERT INTO supermarket.person(NIF, name, address, phone, email) VALUES(217784623, 'Cátia Correia', 'R. Marquês de Pombal 99, 3800-527 Cacia', '937910204', 'ccor93@gmail.com');
INSERT INTO supermarket.client(clientID, website, clientSince, NIF) VALUES(66, '', '2014/07/22', 217784623);
INSERT INTO supermarket.person(NIF, name, address, phone, email) VALUES(202522935, 'Vanessa Mendes', 'Feira Nova Hipermercados, Esgueira, 3800-000 Aveiro', '927766242', 'van_m92@gmail.com');
INSERT INTO supermarket.client(clientID, website, clientSince, NIF) VALUES(67, '', '2016/05/01', 202522935);
INSERT INTO supermarket.person(NIF, name, address, phone, email) VALUES(270590268, 'Tomás Oliveira', 'R. das Pombas, 3810-150 Aveiro', '913622075', 'toma_oli91@gmail.com');
INSERT INTO supermarket.client(clientID, website, clientSince, NIF) VALUES(68, '', '2020/07/25', 270590268);
INSERT INTO supermarket.person(NIF, name, address, phone, email) VALUES(221937984, 'Rute Silva', 'R. Dom Manuel Barbuda e Vasconcelos, 3810-498 Aveiro', '929429840', 'rs92@aol.com');
INSERT INTO supermarket.client(clientID, website, clientSince, NIF) VALUES(69, '', '2018/10/11', 221937984);
INSERT INTO supermarket.person(NIF, name, address, phone, email) VALUES(222110023, 'Leandro Figueiredo', 'R. Eng. Von Haff 27, 3800-177 Aveiro', '917942631', 'lean.figu91@hotmail.com');
INSERT INTO supermarket.client(clientID, website, clientSince, NIF) VALUES(70, '', '2018/03/13', 222110023);
INSERT INTO supermarket.person(NIF, name, address, phone, email) VALUES(202965323, 'Vasco Costa', 'R. Dom Manuel Barbuda e Vasconcelos, 3810-498 Aveiro', '918015786', 'vascos91@outlook.pt');
INSERT INTO supermarket.client(clientID, website, clientSince, NIF) VALUES(71, '', '2011/12/04', 202965323);
INSERT INTO supermarket.person(NIF, name, address, phone, email) VALUES(234701134, 'Mariana Almeida', 'R. do Vale Covo Zona Industrial da Taboeira 3800-055, Aveiro', '927938800', 'malm92@outlook.pt');
INSERT INTO supermarket.client(clientID, website, clientSince, NIF) VALUES(72, '', '2012/07/01', 234701134);
INSERT INTO supermarket.person(NIF, name, address, phone, email) VALUES(213754190, 'Tomé Cruz', 'R. das Pombas, 3810-150 Aveiro', '919590253', 'tcruz91@hotmail.pt');
INSERT INTO supermarket.client(clientID, website, clientSince, NIF) VALUES(73, '', '2013/04/09', 213754190);
INSERT INTO supermarket.person(NIF, name, address, phone, email) VALUES(270541135, 'Pedro Nunes', 'R. Direita de Aradas 103, 3810-005 Aveiro', '928052011', 'pedr.nun92@sapo.com');
INSERT INTO supermarket.client(clientID, website, clientSince, NIF) VALUES(74, '', '2015/11/02', 270541135);
INSERT INTO supermarket.person(NIF, name, address, phone, email) VALUES(272023892, 'Alexandre Martins', 'Alameda Silva Rocha, 3800-385 Aveiro', '963456957', 'alex_ma96@outlook.com');
INSERT INTO supermarket.client(clientID, website, clientSince, NIF) VALUES(75, '', '2017/11/10', 272023892);
INSERT INTO supermarket.person(NIF, name, address, phone, email) VALUES(243392854, 'Alexandre Lopes', 'Zona Industrial da Taboeira Aveiro, Retail Park Lote F, 3800-055 Aveiro', '911721402', 'alel91@mail.pt');
INSERT INTO supermarket.client(clientID, website, clientSince, NIF) VALUES(76, '', '2016/05/29', 243392854);
INSERT INTO supermarket.person(NIF, name, address, phone, email) VALUES(283328854, 'Rodrigo Antunes', 'Feira Nova Hipermercados, Esgueira, 3800-000 Aveiro', '967334288', 'rodr_an96@outlook.pt');
INSERT INTO supermarket.client(clientID, website, clientSince, NIF) VALUES(77, '', '2014/03/10', 283328854);
INSERT INTO supermarket.person(NIF, name, address, phone, email) VALUES(207176026, 'Eduardo Antunes', 'R. do Vale Covo Zona Industrial da Taboeira 3800-055, Aveiro', '932752035', 'eduan93@gmail.pt');
INSERT INTO supermarket.client(clientID, website, clientSince, NIF) VALUES(78, '', '2014/07/20', 207176026);
INSERT INTO supermarket.person(NIF, name, address, phone, email) VALUES(215916892, 'Ana Mendes', 'Alameda Silva Rocha, 3800-385 Aveiro', '969940033', 'an.mend96@hotmail.pt');
INSERT INTO supermarket.client(clientID, website, clientSince, NIF) VALUES(79, '', '2013/05/07', 215916892);
INSERT INTO supermarket.person(NIF, name, address, phone, email) VALUES(286433629, 'Ricardo Alves', 'R. Direita de Aradas 103, 3810-005 Aveiro', '926619542', 'r.alve92@mail.com');
INSERT INTO supermarket.client(clientID, website, clientSince, NIF) VALUES(80, '', '2020/09/03', 286433629);
INSERT INTO supermarket.person(NIF, name, address, phone, email) VALUES(256835936, 'Afonso Correia', 'R. da Paz 109 A, 3800-587 Cacia', '937678954', 'a_c93@outlook.pt');
INSERT INTO supermarket.client(clientID, website, clientSince, NIF) VALUES(81, '', '2016/04/13', 256835936);
INSERT INTO supermarket.person(NIF, name, address, phone, email) VALUES(222306657, 'Nuno Nunes', 'R. do Norte, 3830-167 Gafanha de Aquém', '963834284', 'nunonune96@outlook.com');
INSERT INTO supermarket.client(clientID, website, clientSince, NIF) VALUES(82, '', '2013/10/20', 222306657);
INSERT INTO supermarket.person(NIF, name, address, phone, email) VALUES(207823204, 'Miguel Vieira', 'R. da Paz 109 A, 3800-587 Cacia', '917244084', 'miguvi91@sapo.pt');
INSERT INTO supermarket.client(clientID, website, clientSince, NIF) VALUES(83, '', '2019/08/19', 207823204);
INSERT INTO supermarket.person(NIF, name, address, phone, email) VALUES(209985892, 'Rita Monteiro', 'R. Eng. Von Haff 27, 3800-177 Aveiro', '966825008', 'ri_mon96@outlook.com');
INSERT INTO supermarket.client(clientID, website, clientSince, NIF) VALUES(84, '', '2016/01/09', 209985892);
INSERT INTO supermarket.person(NIF, name, address, phone, email) VALUES(212328811, 'Manuel Ferreira', 'R. Cónego Maio 133, 3810-089 Aveiro', '939513608', 'manu_fe93@gmail.com');
INSERT INTO supermarket.client(clientID, website, clientSince, NIF) VALUES(85, '', '2012/08/23', 212328811);
INSERT INTO supermarket.person(NIF, name, address, phone, email) VALUES(218390894, 'Andreia Gomes', 'Estr. de São Bernardo 93, 3810-164 Aveiro', '924740426', 'ango92@aol.com');
INSERT INTO supermarket.client(clientID, website, clientSince, NIF) VALUES(86, '', '2011/03/20', 218390894);
INSERT INTO supermarket.person(NIF, name, address, phone, email) VALUES(292651376, 'Afonso Carvalho', 'Zona Industrial da Taboeira Aveiro, Retail Park Lote F, 3800-055 Aveiro', '967786494', 'afoncarv96@mail.pt');
INSERT INTO supermarket.employee(employeeID, employeeSince, salary, jobtitle, NIF) VALUES(9, '2020/07/25', 651, 'Operador de Caixa', 292651376);
INSERT INTO supermarket.person(NIF, name, address, phone, email) VALUES(286630260, 'Leonor Ribeiro', 'R. Cónego Maio 74, 3810-089 Aveiro', '939909452', 'leonrib93@aol.pt');
INSERT INTO supermarket.employee(employeeID, employeeSince, salary, jobtitle, NIF) VALUES(10, '2019/12/04', 663, 'Operador de Caixa', 286630260);
INSERT INTO supermarket.person(NIF, name, address, phone, email) VALUES(269721979, 'Marta Fernandes', 'R. Eng. Von Haff 27, 3800-177 Aveiro', '915208647', 'mar_fern91@outlook.pt');
INSERT INTO supermarket.client(clientID, website, clientSince, NIF) VALUES(87, '', '2010/05/26', 269721979);
INSERT INTO supermarket.person(NIF, name, address, phone, email) VALUES(269664635, 'Telmo Castro', 'Urbanização Chave 52, 3810-081 Aveiro', '932103259', 'telcast93@mail.pt');
INSERT INTO supermarket.client(clientID, website, clientSince, NIF) VALUES(88, '', '2013/04/01', 269664635);
INSERT INTO supermarket.person(NIF, name, address, phone, email) VALUES(230572422, 'Afonso Silva', 'R. da Paz 109 A, 3800-587 Cacia', '939723005', 'a_silv93@sapo.com');
INSERT INTO supermarket.client(clientID, website, clientSince, NIF) VALUES(89, '', '2012/10/28', 230572422);
INSERT INTO supermarket.person(NIF, name, address, phone, email) VALUES(244916625, 'Vanessa Castro', 'R. da Cabreira 164, 3810-071 Aveiro', '933748408', 'vaneca93@aol.com');
INSERT INTO supermarket.client(clientID, website, clientSince, NIF) VALUES(90, '', '2020/07/26', 244916625);
INSERT INTO supermarket.person(NIF, name, address, phone, email) VALUES(217170324, 'Manuel Rodrigues', 'R. Marquês de Pombal 99, 3800-527 Cacia', '937611970', 'manrod93@sapo.pt');
INSERT INTO supermarket.client(clientID, website, clientSince, NIF) VALUES(91, '', '2020/07/11', 217170324);
INSERT INTO supermarket.person(NIF, name, address, phone, email) VALUES(225739161, 'Beatriz Cardoso', 'Av. Europa 705, 3810-140 Aveiro', '929859438', 'b_card92@outlook.pt');
INSERT INTO supermarket.client(clientID, website, clientSince, NIF) VALUES(92, '', '2016/03/28', 225739161);
INSERT INTO supermarket.person(NIF, name, address, phone, email) VALUES(215335326, 'Patrícia Gomes', 'Estr. de São Bernardo 93, 3810-164 Aveiro', '968881657', 'patr.go96@mail.pt');
INSERT INTO supermarket.client(clientID, website, clientSince, NIF) VALUES(93, '', '2011/01/21', 215335326);
INSERT INTO supermarket.person(NIF, name, address, phone, email) VALUES(272523678, 'Patrícia Costa', 'R. Eng. Von Haff 27, 3800-177 Aveiro', '925584580', 'pat_co92@aol.com');
INSERT INTO supermarket.employee(employeeID, employeeSince, salary, jobtitle, NIF) VALUES(11, '2014/06/09', 688, 'Operador de Caixa', 272523678);
INSERT INTO supermarket.person(NIF, name, address, phone, email) VALUES(205054370, 'Cátia Pereira', 'Estr. de São Bernardo 192, 3810-164 Aveiro', '913412332', 'capere91@mail.pt');
INSERT INTO supermarket.employee(employeeID, employeeSince, salary, jobtitle, NIF) VALUES(12, '2015/04/29', 632, 'Operador de Caixa', 205054370);
INSERT INTO supermarket.person(NIF, name, address, phone, email) VALUES(278307242, 'Eduardo Ferreira', 'Rua de Vicente Almeida de Eça 12, 3800-144 Aveiro', '939625049', 'edfe93@hotmail.pt');
INSERT INTO supermarket.client(clientID, website, clientSince, NIF) VALUES(94, '', '2011/04/24', 278307242);
INSERT INTO supermarket.person(NIF, name, address, phone, email) VALUES(299884977, 'Paulo Pires', 'R. Cónego Maio 74, 3810-089 Aveiro', '911626152', 'p_pi91@mail.com');
INSERT INTO supermarket.client(clientID, website, clientSince, NIF) VALUES(95, '', '2014/12/28', 299884977);
INSERT INTO supermarket.person(NIF, name, address, phone, email) VALUES(252731826, 'Catarina Tavares', 'Alameda Silva Rocha, 3800-385 Aveiro', '939089477', 'ca.tav93@hotmail.com');
INSERT INTO supermarket.client(clientID, website, clientSince, NIF) VALUES(96, '', '2017/05/29', 252731826);
INSERT INTO supermarket.person(NIF, name, address, phone, email) VALUES(294330807, 'Fábio Dias', 'Alameda Silva Rocha, 3800-385 Aveiro', '911453705', 'fab_di91@mail.com');
INSERT INTO supermarket.client(clientID, website, clientSince, NIF) VALUES(97, '', '2017/04/26', 294330807);
INSERT INTO supermarket.person(NIF, name, address, phone, email) VALUES(257737144, 'Andreia Costa', 'Variante à N326 3811, 3811-902 Aveiro', '931949653', 'andrc93@mail.pt');
INSERT INTO supermarket.client(clientID, website, clientSince, NIF) VALUES(98, '', '2010/01/17', 257737144);
INSERT INTO supermarket.person(NIF, name, address, phone, email) VALUES(225821124, 'Guilherme Ferreira', 'Alameda Silva Rocha, 3800-385 Aveiro', '969066292', 'guiferr96@outlook.com');
INSERT INTO supermarket.client(clientID, website, clientSince, NIF) VALUES(99, '', '2016/11/03', 225821124);
INSERT INTO supermarket.person(NIF, name, address, phone, email) VALUES(273244614, 'Patrícia Costa', 'Zona Industrial da Taboeira Aveiro, Retail Park Lote F, 3800-055 Aveiro', '967105925', 'pa.co96@hotmail.pt');
INSERT INTO supermarket.client(clientID, website, clientSince, NIF) VALUES(100, '', '2016/07/11', 273244614);
INSERT INTO supermarket.person(NIF, name, address, phone, email) VALUES(265322953, 'Filipe Ribeiro', 'R. Eng. Von Haff 27, 3800-177 Aveiro', '917049152', 'filri91@sapo.pt');
INSERT INTO supermarket.client(clientID, website, clientSince, NIF) VALUES(101, '', '2010/08/21', 265322953);
INSERT INTO supermarket.person(NIF, name, address, phone, email) VALUES(205529550, 'Andreia Reis', 'Avenida Manuel Maria Da Rocha Colmieiro, 3800-305 Aveiro', '916473878', 'andr.re91@sapo.pt');
INSERT INTO supermarket.client(clientID, website, clientSince, NIF) VALUES(102, '', '2017/12/31', 205529550);
INSERT INTO supermarket.person(NIF, name, address, phone, email) VALUES(240607700, 'Camila Matos', 'Av. Europa 705, 3810-140 Aveiro', '963611591', 'camato96@gmail.com');
INSERT INTO supermarket.client(clientID, website, clientSince, NIF) VALUES(103, '', '2012/03/08', 240607700);
INSERT INTO supermarket.person(NIF, name, address, phone, email) VALUES(205013460, 'Diogo Silva', 'R. Dom Manuel Barbuda e Vasconcelos, 3810-498 Aveiro', '928631995', 'dio_silv92@outlook.pt');
INSERT INTO supermarket.client(clientID, website, clientSince, NIF) VALUES(104, '', '2020/07/24', 205013460);
INSERT INTO supermarket.person(NIF, name, address, phone, email) VALUES(277283296, 'Cátia Martins', 'R. Cónego Maio 133, 3810-089 Aveiro', '961548752', 'ca_ma96@sapo.com');
INSERT INTO supermarket.client(clientID, website, clientSince, NIF) VALUES(105, '', '2016/07/01', 277283296);
INSERT INTO supermarket.person(NIF, name, address, phone, email) VALUES(271655396, 'Ana Matos', 'R. dos Bombeiros da Celulose 85, 3800-536 Cacia', '917788034', 'ama91@sapo.pt');
INSERT INTO supermarket.client(clientID, website, clientSince, NIF) VALUES(106, '', '2014/11/22', 271655396);
INSERT INTO supermarket.person(NIF, name, address, phone, email) VALUES(297083374, 'Nuno Ferreira', 'R. do Norte, 3830-167 Gafanha de Aquém', '938835981', 'nunofer93@aol.pt');
INSERT INTO supermarket.employee(employeeID, employeeSince, salary, jobtitle, NIF) VALUES(13, '2015/10/02', 622, 'Operador de Caixa', 297083374);
INSERT INTO supermarket.person(NIF, name, address, phone, email) VALUES(237314543, 'Leonor Neves', 'Av. Europa 705, 3810-140 Aveiro', '929236247', 'leo_ne92@mail.pt');
INSERT INTO supermarket.client(clientID, website, clientSince, NIF) VALUES(107, '', '2018/01/13', 237314543);
INSERT INTO supermarket.person(NIF, name, address, phone, email) VALUES(290595313, 'Tomás Tavares', 'Alameda Silva Rocha, 3800-385 Aveiro', '924906151', 'tomtava92@sapo.pt');
INSERT INTO supermarket.client(clientID, website, clientSince, NIF) VALUES(108, '', '2014/07/26', 290595313);
INSERT INTO supermarket.person(NIF, name, address, phone, email) VALUES(216310260, 'Filipe Silva', 'Estr. de São Bernardo 192, 3810-164 Aveiro', '938836726', 'filisil93@gmail.com');
INSERT INTO supermarket.employee(employeeID, employeeSince, salary, jobtitle, NIF) VALUES(14, '2014/06/10', 665, 'Operador de Caixa', 216310260);
INSERT INTO supermarket.person(NIF, name, address, phone, email) VALUES(274915828, 'Paulo Pereira', 'Zona Industrial da Taboeira Aveiro, Retail Park Lote F, 3800-055 Aveiro', '912463691', 'paulper91@sapo.pt');
INSERT INTO supermarket.client(clientID, website, clientSince, NIF) VALUES(109, '', '2010/02/17', 274915828);
INSERT INTO supermarket.person(NIF, name, address, phone, email) VALUES(262414839, 'Gonçalo Sousa', 'R. Eng. Von Haff 27, 3800-177 Aveiro', '922475860', 'goncs92@gmail.pt');
INSERT INTO supermarket.client(clientID, website, clientSince, NIF) VALUES(110, '', '2015/05/30', 262414839);
INSERT INTO supermarket.person(NIF, name, address, phone, email) VALUES(231449092, 'Fábio Santos', 'Rua de Vicente Almeida de Eça 12, 3800-144 Aveiro', '936701982', 'fabisan93@aol.pt');
INSERT INTO supermarket.client(clientID, website, clientSince, NIF) VALUES(111, '', '2019/03/21', 231449092);
INSERT INTO supermarket.person(NIF, name, address, phone, email) VALUES(216375814, 'Rute Teixeira', 'Urbanização Chave 52, 3810-081 Aveiro', '927671876', 'rutteix92@aol.pt');
INSERT INTO supermarket.client(clientID, website, clientSince, NIF) VALUES(112, '', '2014/09/08', 216375814);
INSERT INTO supermarket.person(NIF, name, address, phone, email) VALUES(257638922, 'Patrícia Rocha', 'Av. Europa 191, 3800-533 Cacia', '913921096', 'pa.r91@outlook.com');
INSERT INTO supermarket.client(clientID, website, clientSince, NIF) VALUES(113, '', '2017/01/01', 257638922);
INSERT INTO supermarket.person(NIF, name, address, phone, email) VALUES(252871180, 'Rita Figueiredo', 'R. dos Bombeiros da Celulose 85, 3800-536 Cacia', '925927102', 'rifigu92@sapo.com');
INSERT INTO supermarket.client(clientID, website, clientSince, NIF) VALUES(114, '', '2016/12/16', 252871180);
INSERT INTO supermarket.person(NIF, name, address, phone, email) VALUES(211190291, 'Rute Martins', 'Feira Nova Hipermercados, Esgueira, 3800-000 Aveiro', '963888319', 'rmart96@mail.pt');
INSERT INTO supermarket.client(clientID, website, clientSince, NIF) VALUES(115, '', '2019/04/16', 211190291);
INSERT INTO supermarket.person(NIF, name, address, phone, email) VALUES(292274714, 'Eva Monteiro', 'R. Direita de Aradas 103, 3810-005 Aveiro', '915916045', 'eva.mon91@outlook.pt');
INSERT INTO supermarket.client(clientID, website, clientSince, NIF) VALUES(116, '', '2016/07/04', 292274714);
INSERT INTO supermarket.person(NIF, name, address, phone, email) VALUES(239231516, 'Rodrigo Gomes', 'Estr. de São Bernardo 93, 3810-164 Aveiro', '934895454', 'rod.gome93@sapo.com');
INSERT INTO supermarket.client(clientID, website, clientSince, NIF) VALUES(117, '', '2019/01/01', 239231516);
INSERT INTO supermarket.person(NIF, name, address, phone, email) VALUES(237183525, 'Diogo Monteiro', 'Zona Industrial da Taboeira Aveiro, Retail Park Lote F, 3800-055 Aveiro', '938282272', 'dmon93@outlook.com');
INSERT INTO supermarket.client(clientID, website, clientSince, NIF) VALUES(118, '', '2020/07/05', 237183525);
INSERT INTO supermarket.person(NIF, name, address, phone, email) VALUES(287269414, 'Leonor Rocha', 'Alameda Silva Rocha, 3800-385 Aveiro', '964038224', 'leon.roc96@aol.pt');
INSERT INTO supermarket.client(clientID, website, clientSince, NIF) VALUES(119, '', '2019/10/08', 287269414);
INSERT INTO supermarket.person(NIF, name, address, phone, email) VALUES(210510379, 'Daniela Lourenço', 'Avenida Manuel Maria Da Rocha Colmieiro, 3800-305 Aveiro', '968681120', 'danlour96@aol.pt');
INSERT INTO supermarket.employee(employeeID, employeeSince, salary, jobtitle, NIF) VALUES(15, '2019/08/08', 673, 'Operador de Caixa', 210510379);
INSERT INTO supermarket.person(NIF, name, address, phone, email) VALUES(206135853, 'Tomé Machado', 'R. Marquês de Pombal 99, 3800-527 Cacia', '913028079', 'tomemac91@aol.com');
INSERT INTO supermarket.client(clientID, website, clientSince, NIF) VALUES(120, '', '2018/05/29', 206135853);
INSERT INTO supermarket.person(NIF, name, address, phone, email) VALUES(286122542, 'Artur Araújo', 'R. das Pombas, 3810-150 Aveiro', '914915780', 'ar_ar91@aol.com');
INSERT INTO supermarket.client(clientID, website, clientSince, NIF) VALUES(121, '', '2018/10/07', 286122542);
INSERT INTO supermarket.person(NIF, name, address, phone, email) VALUES(263365170, 'Alexandre Soares', 'Variante à N326 3811, 3811-902 Aveiro', '916335516', 'als91@mail.com');
INSERT INTO supermarket.client(clientID, website, clientSince, NIF) VALUES(122, '', '2015/03/09', 263365170);
INSERT INTO supermarket.person(NIF, name, address, phone, email) VALUES(298730035, 'Guilherme Santos', 'Feira Nova Hipermercados, Esgueira, 3800-000 Aveiro', '963861293', 'g_s96@gmail.pt');
INSERT INTO supermarket.client(clientID, website, clientSince, NIF) VALUES(123, '', '2014/02/06', 298730035);
INSERT INTO supermarket.person(NIF, name, address, phone, email) VALUES(239624758, 'Patrícia Ferreira', 'Estr. de São Bernardo 93, 3810-164 Aveiro', '917568186', 'patfe91@hotmail.pt');
INSERT INTO supermarket.client(clientID, website, clientSince, NIF) VALUES(124, '', '2010/05/29', 239624758);
INSERT INTO supermarket.person(NIF, name, address, phone, email) VALUES(243794486, 'Beatriz Reis', 'Av. Europa 705, 3810-140 Aveiro', '928789695', 'b_r92@sapo.pt');
INSERT INTO supermarket.client(clientID, website, clientSince, NIF) VALUES(125, '', '2014/02/15', 243794486);
INSERT INTO supermarket.person(NIF, name, address, phone, email) VALUES(207364681, 'Catarina Castro', 'Estr. de São Bernardo 93, 3810-164 Aveiro', '934413687', 'catacas93@mail.com');
INSERT INTO supermarket.client(clientID, website, clientSince, NIF) VALUES(126, '', '2014/06/23', 207364681);
INSERT INTO supermarket.person(NIF, name, address, phone, email) VALUES(222691924, 'Sophie Fernandes', 'R. Cónego Maio 74, 3810-089 Aveiro', '932826189', 'soph.fern93@sapo.com');
INSERT INTO supermarket.client(clientID, website, clientSince, NIF) VALUES(127, '', '2018/11/06', 222691924);
INSERT INTO supermarket.person(NIF, name, address, phone, email) VALUES(274948698, 'Rodrigo Moreira', 'R. do Norte, 3830-167 Gafanha de Aquém', '962488110', 'rod_m96@mail.com');
INSERT INTO supermarket.client(clientID, website, clientSince, NIF) VALUES(128, '', '2015/05/21', 274948698);
INSERT INTO supermarket.person(NIF, name, address, phone, email) VALUES(222536286, 'André Rocha', 'Zona Industrial da Taboeira Aveiro, Retail Park Lote F, 3800-055 Aveiro', '937369035', 'anr93@mail.pt');
INSERT INTO supermarket.client(clientID, website, clientSince, NIF) VALUES(129, '', '2012/05/04', 222536286);
INSERT INTO supermarket.person(NIF, name, address, phone, email) VALUES(233906783, 'Tomás Simões', 'R. do Norte, 3830-167 Gafanha de Aquém', '931932985', 'tsi93@aol.com');
INSERT INTO supermarket.client(clientID, website, clientSince, NIF) VALUES(130, '', '2017/09/12', 233906783);
INSERT INTO supermarket.person(NIF, name, address, phone, email) VALUES(214041190, 'Telmo Antunes', 'R. Dom Manuel Barbuda e Vasconcelos, 3810-498 Aveiro', '933899848', 'tant93@hotmail.pt');
INSERT INTO supermarket.client(clientID, website, clientSince, NIF) VALUES(131, '', '2020/02/28', 214041190);
INSERT INTO supermarket.person(NIF, name, address, phone, email) VALUES(202515050, 'Cátia Fonseca', 'R. Cónego Maio 133, 3810-089 Aveiro', '914090073', 'ca_fon91@mail.pt');
INSERT INTO supermarket.client(clientID, website, clientSince, NIF) VALUES(132, '', '2017/11/20', 202515050);
INSERT INTO supermarket.person(NIF, name, address, phone, email) VALUES(281567855, 'Ana Correia', 'Urbanização Chave 52, 3810-081 Aveiro', '968497866', 'an.c96@sapo.com');
INSERT INTO supermarket.client(clientID, website, clientSince, NIF) VALUES(133, '', '2014/08/21', 281567855);
INSERT INTO supermarket.person(NIF, name, address, phone, email) VALUES(208740983, 'Miguel Dias', 'Avenida Manuel Maria Da Rocha Colmieiro, 3800-305 Aveiro', '918498246', 'migdias91@mail.pt');
INSERT INTO supermarket.client(clientID, website, clientSince, NIF) VALUES(134, '', '2014/06/16', 208740983);
INSERT INTO supermarket.person(NIF, name, address, phone, email) VALUES(278045309, 'Nuno Oliveira', 'R. do Vale Covo Zona Industrial da Taboeira 3800-055, Aveiro', '921761436', 'nunooliv92@sapo.pt');
INSERT INTO supermarket.client(clientID, website, clientSince, NIF) VALUES(135, '', '2018/01/31', 278045309);
INSERT INTO supermarket.person(NIF, name, address, phone, email) VALUES(251667069, 'André Soares', 'R. do Norte nº1 Loja D, 3830-167 Gafanha de Aquém', '915453610', 'and_s91@gmail.com');
INSERT INTO supermarket.client(clientID, website, clientSince, NIF) VALUES(136, '', '2013/03/22', 251667069);
INSERT INTO supermarket.person(NIF, name, address, phone, email) VALUES(273023615, 'Telmo Pinto', 'R. da Paz nº2, 3800-309 Aveiro', '961851674', 'tel_pin96@aol.com');
INSERT INTO supermarket.client(clientID, website, clientSince, NIF) VALUES(137, '', '2012/06/07', 273023615);
INSERT INTO supermarket.person(NIF, name, address, phone, email) VALUES(218055304, 'Rita Araújo', 'Av. Europa 191, 3800-533 Cacia', '913689975', 'ritaa91@gmail.com');
INSERT INTO supermarket.client(clientID, website, clientSince, NIF) VALUES(138, '', '2017/03/02', 218055304);
INSERT INTO supermarket.person(NIF, name, address, phone, email) VALUES(225337997, 'Santiago Rodrigues', 'R. dos Bombeiros da Celulose 85, 3800-536 Cacia', '913946698', 'sanr91@aol.com');
INSERT INTO supermarket.client(clientID, website, clientSince, NIF) VALUES(139, '', '2018/08/24', 225337997);
INSERT INTO supermarket.person(NIF, name, address, phone, email) VALUES(298099348, 'Beatriz Sousa', 'R. das Cavadas 80, 3810-030 Aveiro', '911700625', 'besous91@gmail.pt');
INSERT INTO supermarket.employee(employeeID, employeeSince, salary, jobtitle, NIF) VALUES(16, '2012/04/26', 667, 'Operador de Caixa', 298099348);
INSERT INTO supermarket.person(NIF, name, address, phone, email) VALUES(287146650, 'Leandro Castro', 'R. da Paz nº2, 3800-309 Aveiro', '924379587', 'lecas92@gmail.pt');
INSERT INTO supermarket.client(clientID, website, clientSince, NIF) VALUES(140, '', '2014/10/14', 287146650);
INSERT INTO supermarket.person(NIF, name, address, phone, email) VALUES(221266586, 'Vasco Ramos', 'Av. Europa 705, 3810-140 Aveiro', '915408700', 'vascram91@aol.pt');
INSERT INTO supermarket.client(clientID, website, clientSince, NIF) VALUES(141, '', '2014/08/30', 221266586);
INSERT INTO supermarket.person(NIF, name, address, phone, email) VALUES(227353245, 'Mariana Silva', 'R. da Cabreira 164, 3810-071 Aveiro', '914948256', 'marsi91@gmail.com');
INSERT INTO supermarket.client(clientID, website, clientSince, NIF) VALUES(142, '', '2011/02/28', 227353245);
INSERT INTO supermarket.person(NIF, name, address, phone, email) VALUES(204718758, 'Rodrigo Monteiro', 'Urbanização Chave 52, 3810-081 Aveiro', '929468088', 'romont92@outlook.com');
INSERT INTO supermarket.client(clientID, website, clientSince, NIF) VALUES(143, '', '2013/03/05', 204718758);
INSERT INTO supermarket.person(NIF, name, address, phone, email) VALUES(212222634, 'Santiago Antunes', 'Rua de Vicente Almeida de Eça 12, 3800-144 Aveiro', '913300218', 'santu91@mail.com');
INSERT INTO supermarket.client(clientID, website, clientSince, NIF) VALUES(144, '', '2019/02/16', 212222634);
INSERT INTO supermarket.person(NIF, name, address, phone, email) VALUES(266617515, 'Manuel Silva', 'Av. Europa 191, 3800-533 Cacia', '961006390', 'masil96@outlook.pt');
INSERT INTO supermarket.client(clientID, website, clientSince, NIF) VALUES(145, '', '2018/06/09', 266617515);
INSERT INTO supermarket.person(NIF, name, address, phone, email) VALUES(209134251, 'Manuel Rocha', 'Estr. de São Bernardo 93, 3810-164 Aveiro', '935954716', 'm_roc93@aol.pt');
INSERT INTO supermarket.client(clientID, website, clientSince, NIF) VALUES(146, '', '2017/03/14', 209134251);
INSERT INTO supermarket.person(NIF, name, address, phone, email) VALUES(220750510, 'Rodrigo Ramos', 'Avenida Manuel Maria Da Rocha Colmieiro, 3800-305 Aveiro', '938293400', 'rodrramo93@outlook.com');
INSERT INTO supermarket.client(clientID, website, clientSince, NIF) VALUES(147, '', '2019/12/26', 220750510);
INSERT INTO supermarket.person(NIF, name, address, phone, email) VALUES(218137263, 'José Cruz', 'R. Cónego Maio 74, 3810-089 Aveiro', '926802754', 'jo_c92@sapo.com');
INSERT INTO supermarket.client(clientID, website, clientSince, NIF) VALUES(148, '', '2012/12/19', 218137263);
INSERT INTO supermarket.person(NIF, name, address, phone, email) VALUES(245686960, 'Gonçalo Lopes', 'R. Cónego Maio 133, 3810-089 Aveiro', '913931546', 'golop91@gmail.com');
INSERT INTO supermarket.client(clientID, website, clientSince, NIF) VALUES(149, '', '2019/09/06', 245686960);
INSERT INTO supermarket.person(NIF, name, address, phone, email) VALUES(256344756, 'Filipe Oliveira', 'R. Direita de Aradas 103, 3810-005 Aveiro', '929032034', 'fiol92@aol.pt');
INSERT INTO supermarket.client(clientID, website, clientSince, NIF) VALUES(150, '', '2015/10/17', 256344756);
INSERT INTO supermarket.person(NIF, name, address, phone, email) VALUES(231539380, 'Leandro Costa', 'Estr. de São Bernardo 318E, 3810-174 Aveiro', '932118854', 'leanc93@outlook.pt');
INSERT INTO supermarket.client(clientID, website, clientSince, NIF) VALUES(151, '', '2013/07/02', 231539380);
INSERT INTO supermarket.person(NIF, name, address, phone, email) VALUES(217178811, 'Miguel Alves', 'Estr. de São Bernardo 192, 3810-164 Aveiro', '933529513', 'malve93@hotmail.com');
INSERT INTO supermarket.client(clientID, website, clientSince, NIF) VALUES(152, '', '2012/11/16', 217178811);
INSERT INTO supermarket.person(NIF, name, address, phone, email) VALUES(232710844, 'Gonçalo Costa', 'R. do Norte nº1 Loja D, 3830-167 Gafanha de Aquém', '921646588', 'goncost92@outlook.com');
INSERT INTO supermarket.client(clientID, website, clientSince, NIF) VALUES(153, '', '2010/01/01', 232710844);
INSERT INTO supermarket.person(NIF, name, address, phone, email) VALUES(284754629, 'Patrícia Castro', 'Zona Industrial da Taboeira Aveiro, Retail Park Lote F, 3800-055 Aveiro', '928854614', 'patca92@outlook.com');
INSERT INTO supermarket.client(clientID, website, clientSince, NIF) VALUES(154, '', '2017/09/17', 284754629);
INSERT INTO supermarket.person(NIF, name, address, phone, email) VALUES(283402974, 'Vasco Cunha', 'Estr. de São Bernardo 93, 3810-164 Aveiro', '927294667', 'vas_cun92@aol.com');
INSERT INTO supermarket.client(clientID, website, clientSince, NIF) VALUES(155, '', '2011/03/03', 283402974);
INSERT INTO supermarket.person(NIF, name, address, phone, email) VALUES(209306338, 'Nuno Neves', 'R. do Norte, 3830-167 Gafanha de Aquém', '914490987', 'nun.n91@sapo.pt');
INSERT INTO supermarket.client(clientID, website, clientSince, NIF) VALUES(156, '', '2019/02/01', 209306338);
INSERT INTO supermarket.person(NIF, name, address, phone, email) VALUES(243524325, 'Ana Mendes', 'R. da Paz nº2, 3800-309 Aveiro', '963839885', 'ana.m96@sapo.com');
INSERT INTO supermarket.client(clientID, website, clientSince, NIF) VALUES(157, '', '2018/09/12', 243524325);
INSERT INTO supermarket.person(NIF, name, address, phone, email) VALUES(246997733, 'João Costa', 'R. da Cabreira 164, 3810-071 Aveiro', '963619427', 'j.co96@outlook.com');
INSERT INTO supermarket.client(clientID, website, clientSince, NIF) VALUES(158, '', '2015/09/27', 246997733);
INSERT INTO supermarket.person(NIF, name, address, phone, email) VALUES(289587944, 'Leandro Lopes', 'Feira Nova Hipermercados, Esgueira, 3800-000 Aveiro', '961634293', 'lean_lope96@mail.com');
INSERT INTO supermarket.client(clientID, website, clientSince, NIF) VALUES(159, '', '2019/03/18', 289587944);
INSERT INTO supermarket.person(NIF, name, address, phone, email) VALUES(226558698, 'Pedro Correia', 'R. das Pombas, 3810-150 Aveiro', '929189001', 'p.corr92@sapo.com');
INSERT INTO supermarket.client(clientID, website, clientSince, NIF) VALUES(160, '', '2012/08/10', 226558698);
INSERT INTO supermarket.person(NIF, name, address, phone, email) VALUES(219415276, 'Rodrigo Neves', 'R. da Cabreira 164, 3810-071 Aveiro', '964867464', 'rodneve96@outlook.com');
INSERT INTO supermarket.client(clientID, website, clientSince, NIF) VALUES(161, '', '2017/06/03', 219415276);
INSERT INTO supermarket.person(NIF, name, address, phone, email) VALUES(283763437, 'Patrícia Oliveira', 'Av. Europa 705, 3810-140 Aveiro', '968796125', 'pol96@gmail.com');
INSERT INTO supermarket.client(clientID, website, clientSince, NIF) VALUES(162, '', '2015/01/17', 283763437);
INSERT INTO supermarket.person(NIF, name, address, phone, email) VALUES(247022317, 'Gonçalo Gonçalves', 'R. Eng. Von Haff 27, 3800-177 Aveiro', '966812785', 'gongon96@aol.com');
INSERT INTO supermarket.client(clientID, website, clientSince, NIF) VALUES(163, '', '2020/11/17', 247022317);
INSERT INTO supermarket.person(NIF, name, address, phone, email) VALUES(226714350, 'Vasco Rocha', 'Rua de Vicente Almeida de Eça 12, 3800-144 Aveiro', '928752536', 'v.ro92@sapo.com');
INSERT INTO supermarket.employee(employeeID, employeeSince, salary, jobtitle, NIF) VALUES(17, '2011/06/18', 671, 'Operador de Caixa', 226714350);
INSERT INTO supermarket.person(NIF, name, address, phone, email) VALUES(211321586, 'Sophie Nunes', 'R. Cónego Maio 74, 3810-089 Aveiro', '918756919', 'sopnun91@mail.pt');
INSERT INTO supermarket.client(clientID, website, clientSince, NIF) VALUES(164, '', '2016/06/14', 211321586);
INSERT INTO supermarket.person(NIF, name, address, phone, email) VALUES(233546490, 'Raquel Castro', 'R. das Cavadas 80, 3810-030 Aveiro', '923888421', 'ra.c92@aol.pt');
INSERT INTO supermarket.client(clientID, website, clientSince, NIF) VALUES(165, '', '2018/02/22', 233546490);
INSERT INTO supermarket.person(NIF, name, address, phone, email) VALUES(212869882, 'Catarina Sousa', 'R. do Norte nº1 Loja D, 3830-167 Gafanha de Aquém', '917355974', 'ca_so91@gmail.pt');
INSERT INTO supermarket.client(clientID, website, clientSince, NIF) VALUES(166, '', '2020/03/16', 212869882);
INSERT INTO supermarket.person(NIF, name, address, phone, email) VALUES(225100553, 'Afonso Ribeiro', 'R. dos Bombeiros da Celulose 85, 3800-536 Cacia', '939239246', 'afo.ribe93@sapo.pt');
INSERT INTO supermarket.client(clientID, website, clientSince, NIF) VALUES(167, '', '2014/03/26', 225100553);
INSERT INTO supermarket.person(NIF, name, address, phone, email) VALUES(244130571, 'Cátia Ferreira', 'Av. Europa 705, 3810-140 Aveiro', '968977362', 'cat.f96@gmail.pt');
INSERT INTO supermarket.client(clientID, website, clientSince, NIF) VALUES(168, '', '2015/12/01', 244130571);
INSERT INTO supermarket.person(NIF, name, address, phone, email) VALUES(238854926, 'Vasco Correia', 'R. Direita de Aradas 103, 3810-005 Aveiro', '923354831', 'vaco92@gmail.com');
INSERT INTO supermarket.client(clientID, website, clientSince, NIF) VALUES(169, '', '2018/10/24', 238854926);
INSERT INTO supermarket.person(NIF, name, address, phone, email) VALUES(264348431, 'Guilherme Azevedo', 'Estr. de São Bernardo 318E, 3810-174 Aveiro', '937783524', 'guil.a93@aol.pt');
INSERT INTO supermarket.client(clientID, website, clientSince, NIF) VALUES(170, '', '2013/08/11', 264348431);
INSERT INTO supermarket.person(NIF, name, address, phone, email) VALUES(286876432, 'Marta Nunes', 'R. dos Bombeiros da Celulose 85, 3800-536 Cacia', '925464020', 'marnune92@mail.com');
INSERT INTO supermarket.client(clientID, website, clientSince, NIF) VALUES(171, '', '2011/07/31', 286876432);
INSERT INTO supermarket.person(NIF, name, address, phone, email) VALUES(200401693, 'Rodrigo Carvalho', 'R. das Cavadas 80, 3810-030 Aveiro', '913845874', 'rod.ca91@mail.com');
INSERT INTO supermarket.client(clientID, website, clientSince, NIF) VALUES(172, '', '2011/01/20', 200401693);
INSERT INTO supermarket.person(NIF, name, address, phone, email) VALUES(243417887, 'André Cunha', 'R. Marquês de Pombal 99, 3800-527 Cacia', '934826602', 'acunh93@gmail.pt');
INSERT INTO supermarket.client(clientID, website, clientSince, NIF) VALUES(173, '', '2017/05/10', 243417887);
INSERT INTO supermarket.person(NIF, name, address, phone, email) VALUES(263652130, 'Diogo Pereira', 'Feira Nova Hipermercados, Esgueira, 3800-000 Aveiro', '963915377', 'dio.p96@aol.com');
INSERT INTO supermarket.client(clientID, website, clientSince, NIF) VALUES(174, '', '2013/09/08', 263652130);
INSERT INTO supermarket.person(NIF, name, address, phone, email) VALUES(278315819, 'Eva Cruz', 'Avenida Manuel Maria Da Rocha Colmieiro, 3800-305 Aveiro', '936016321', 'eva_cr93@outlook.pt');
INSERT INTO supermarket.client(clientID, website, clientSince, NIF) VALUES(175, '', '2012/07/19', 278315819);
INSERT INTO supermarket.person(NIF, name, address, phone, email) VALUES(222044977, 'Fábio Barbosa', 'Estr. de São Bernardo 93, 3810-164 Aveiro', '924018559', 'fbar92@aol.pt');
INSERT INTO supermarket.client(clientID, website, clientSince, NIF) VALUES(176, '', '2017/10/14', 222044977);
INSERT INTO supermarket.person(NIF, name, address, phone, email) VALUES(295625523, 'Tomé Lopes', 'R. Direita de Aradas 103, 3810-005 Aveiro', '919780665', 'to.lop91@outlook.com');
INSERT INTO supermarket.client(clientID, website, clientSince, NIF) VALUES(177, '', '2013/12/19', 295625523);
INSERT INTO supermarket.person(NIF, name, address, phone, email) VALUES(240444212, 'Alexandre Carvalho', 'Estr. de São Bernardo 318E, 3810-174 Aveiro', '924243938', 'alc92@aol.pt');
INSERT INTO supermarket.client(clientID, website, clientSince, NIF) VALUES(178, '', '2013/10/17', 240444212);
INSERT INTO supermarket.person(NIF, name, address, phone, email) VALUES(234496825, 'Filipe Matos', 'R. Eng. Von Haff 27, 3800-177 Aveiro', '938244736', 'filim93@sapo.pt');
INSERT INTO supermarket.client(clientID, website, clientSince, NIF) VALUES(179, '', '2012/02/21', 234496825);
INSERT INTO supermarket.person(NIF, name, address, phone, email) VALUES(284025663, 'Raquel Costa', 'Estr. de São Bernardo 192, 3810-164 Aveiro', '927781729', 'racos92@outlook.com');
INSERT INTO supermarket.client(clientID, website, clientSince, NIF) VALUES(180, '', '2014/08/18', 284025663);
INSERT INTO supermarket.person(NIF, name, address, phone, email) VALUES(275276608, 'Tiago Carvalho', 'R. da Paz 109 A, 3800-587 Cacia', '963804315', 'tcar96@mail.pt');
INSERT INTO supermarket.client(clientID, website, clientSince, NIF) VALUES(181, '', '2012/03/07', 275276608);
INSERT INTO supermarket.person(NIF, name, address, phone, email) VALUES(201237312, 'Catarina Cunha', 'Zona Industrial da Taboeira Aveiro, Retail Park Lote F, 3800-055 Aveiro', '926713064', 'ca.c92@outlook.pt');
INSERT INTO supermarket.client(clientID, website, clientSince, NIF) VALUES(182, '', '2018/01/25', 201237312);
INSERT INTO supermarket.person(NIF, name, address, phone, email) VALUES(272565058, 'Rodrigo Araújo', 'R. das Cavadas 80, 3810-030 Aveiro', '926161005', 'roa92@outlook.com');
INSERT INTO supermarket.employee(employeeID, employeeSince, salary, jobtitle, NIF) VALUES(18, '2015/06/10', 638, 'Operador de Caixa', 272565058);
INSERT INTO supermarket.person(NIF, name, address, phone, email) VALUES(279552836, 'Catarina Castro', 'R. Dom Manuel Barbuda e Vasconcelos, 3810-498 Aveiro', '918993280', 'c.ca91@sapo.pt');
INSERT INTO supermarket.client(clientID, website, clientSince, NIF) VALUES(183, '', '2017/11/23', 279552836);
INSERT INTO supermarket.person(NIF, name, address, phone, email) VALUES(280306504, 'Andreia Ferreira', 'R. da Paz 109 A, 3800-587 Cacia', '935968470', 'an_fer93@aol.pt');
INSERT INTO supermarket.client(clientID, website, clientSince, NIF) VALUES(184, '', '2014/02/25', 280306504);
INSERT INTO supermarket.person(NIF, name, address, phone, email) VALUES(214827854, 'Afonso Teixeira', 'Estr. de São Bernardo 192, 3810-164 Aveiro', '962139076', 'atei96@outlook.com');
INSERT INTO supermarket.client(clientID, website, clientSince, NIF) VALUES(185, '', '2018/03/07', 214827854);
INSERT INTO supermarket.person(NIF, name, address, phone, email) VALUES(254378831, 'Patrícia Simões', 'Variante à N326 3811, 3811-902 Aveiro', '923387736', 'patr.si92@outlook.pt');
INSERT INTO supermarket.client(clientID, website, clientSince, NIF) VALUES(186, '', '2010/12/16', 254378831);
INSERT INTO supermarket.person(NIF, name, address, phone, email) VALUES(206971734, 'Beatriz Jesus', 'Feira Nova Hipermercados, Esgueira, 3800-000 Aveiro', '922561304', 'beat.j92@gmail.pt');
INSERT INTO supermarket.client(clientID, website, clientSince, NIF) VALUES(187, '', '2015/03/14', 206971734);
INSERT INTO supermarket.person(NIF, name, address, phone, email) VALUES(247210841, 'Camila Correia', 'R. Cónego Maio 133, 3810-089 Aveiro', '964140426', 'cam.corr96@aol.pt');
INSERT INTO supermarket.client(clientID, website, clientSince, NIF) VALUES(188, '', '2019/05/29', 247210841);
INSERT INTO supermarket.person(NIF, name, address, phone, email) VALUES(230982494, 'Andreia Rodrigues', 'R. da Paz nº2, 3800-309 Aveiro', '933294046', 'andrro93@hotmail.pt');
INSERT INTO supermarket.client(clientID, website, clientSince, NIF) VALUES(189, '', '2018/01/27', 230982494);
INSERT INTO supermarket.person(NIF, name, address, phone, email) VALUES(244474723, 'Camila Mendes', 'Estr. de São Bernardo 192, 3810-164 Aveiro', '924020051', 'ca.men92@hotmail.pt');
INSERT INTO supermarket.client(clientID, website, clientSince, NIF) VALUES(190, '', '2013/09/24', 244474723);
INSERT INTO supermarket.person(NIF, name, address, phone, email) VALUES(232547176, 'Afonso Gonçalves', 'R. Dom Manuel Barbuda e Vasconcelos, 3810-498 Aveiro', '967900851', 'afo.g96@gmail.com');
INSERT INTO supermarket.client(clientID, website, clientSince, NIF) VALUES(191, '', '2015/02/27', 232547176);
INSERT INTO supermarket.person(NIF, name, address, phone, email) VALUES(259548011, 'Gonçalo Almeida', 'R. Cónego Maio 74, 3810-089 Aveiro', '962716899', 'ga96@gmail.pt');
INSERT INTO supermarket.employee(employeeID, employeeSince, salary, jobtitle, NIF) VALUES(19, '2019/05/30', 622, 'Operador de Caixa', 259548011);
INSERT INTO supermarket.person(NIF, name, address, phone, email) VALUES(207471476, 'Fábio Castro', 'Av. Europa 705, 3810-140 Aveiro', '927431256', 'fabica92@hotmail.pt');
INSERT INTO supermarket.client(clientID, website, clientSince, NIF) VALUES(192, '', '2012/05/05', 207471476);
INSERT INTO supermarket.person(NIF, name, address, phone, email) VALUES(218669945, 'Eva Rocha', 'R. Cónego Maio 74, 3810-089 Aveiro', '969032823', 'evroc96@mail.pt');
INSERT INTO supermarket.client(clientID, website, clientSince, NIF) VALUES(193, '', '2013/04/08', 218669945);
INSERT INTO supermarket.person(NIF, name, address, phone, email) VALUES(220324732, 'Vasco Jesus', 'R. do Norte, 3830-167 Gafanha de Aquém', '917545398', 'vasje91@aol.pt');
INSERT INTO supermarket.client(clientID, website, clientSince, NIF) VALUES(194, '', '2015/09/07', 220324732);
INSERT INTO supermarket.person(NIF, name, address, phone, email) VALUES(219497343, 'Patrícia Coelho', 'Estr. de São Bernardo 93, 3810-164 Aveiro', '935884303', 'patcoe93@gmail.com');
INSERT INTO supermarket.client(clientID, website, clientSince, NIF) VALUES(195, '', '2012/02/09', 219497343);
INSERT INTO supermarket.person(NIF, name, address, phone, email) VALUES(205513601, 'Guilherme Nunes', 'R. Cónego Maio 133, 3810-089 Aveiro', '964892097', 'gu.nu96@gmail.com');
INSERT INTO supermarket.client(clientID, website, clientSince, NIF) VALUES(196, '', '2012/03/08', 205513601);
INSERT INTO supermarket.person(NIF, name, address, phone, email) VALUES(220267406, 'Beatriz Gomes', 'R. Cónego Maio 133, 3810-089 Aveiro', '915233232', 'be_gom91@gmail.pt');
INSERT INTO supermarket.client(clientID, website, clientSince, NIF) VALUES(197, '', '2020/08/24', 220267406);
INSERT INTO supermarket.person(NIF, name, address, phone, email) VALUES(252240785, 'Tiago Moreira', 'R. da Paz 109 A, 3800-587 Cacia', '938565493', 'ti.mo93@mail.pt');
INSERT INTO supermarket.client(clientID, website, clientSince, NIF) VALUES(198, '', '2019/04/12', 252240785);
INSERT INTO supermarket.person(NIF, name, address, phone, email) VALUES(218170263, 'Santiago Martins', 'Av. Europa 705, 3810-140 Aveiro', '931379710', 'san_m93@aol.com');
INSERT INTO supermarket.employee(employeeID, employeeSince, salary, jobtitle, NIF) VALUES(20, '2011/07/24', 645, 'Operador de Caixa', 218170263);
INSERT INTO supermarket.person(NIF, name, address, phone, email) VALUES(276693912, 'Bernardo Ferreira', 'Av. Europa 705, 3810-140 Aveiro', '912422666', 'berfe91@hotmail.com');
INSERT INTO supermarket.client(clientID, website, clientSince, NIF) VALUES(199, '', '2020/05/26', 276693912);
INSERT INTO supermarket.person(NIF, name, address, phone, email) VALUES(231728037, 'Daniela Tavares', 'R. dos Bombeiros da Celulose 85, 3800-536 Cacia', '917404376', 'danta91@mail.com');
INSERT INTO supermarket.client(clientID, website, clientSince, NIF) VALUES(200, '', '2016/05/28', 231728037);
INSERT INTO supermarket.person(NIF, name, address, phone, email) VALUES(227943337, 'Rita Rocha', 'R. do Norte nº1 Loja D, 3830-167 Gafanha de Aquém', '926311216', 'rit.roch92@outlook.com');
INSERT INTO supermarket.client(clientID, website, clientSince, NIF) VALUES(201, '', '2014/01/22', 227943337);
INSERT INTO supermarket.person(NIF, name, address, phone, email) VALUES(231564204, 'Nuno Fernandes', 'R. das Pombas, 3810-150 Aveiro', '914364491', 'nunofern91@sapo.pt');
INSERT INTO supermarket.client(clientID, website, clientSince, NIF) VALUES(202, '', '2012/12/03', 231564204);
INSERT INTO supermarket.person(NIF, name, address, phone, email) VALUES(283362221, 'Artur Moreira', 'R. da Paz 109 A, 3800-587 Cacia', '918832025', 'art_mor91@outlook.com');
INSERT INTO supermarket.client(clientID, website, clientSince, NIF) VALUES(203, '', '2018/07/02', 283362221);
INSERT INTO supermarket.person(NIF, name, address, phone, email) VALUES(207635374, 'Ana Marques', 'Zona Industrial da Taboeira Aveiro, Retail Park Lote F, 3800-055 Aveiro', '931146367', 'anma93@aol.pt');
INSERT INTO supermarket.employee(employeeID, employeeSince, salary, jobtitle, NIF) VALUES(21, '2015/10/01', 659, 'Operador de Caixa', 207635374);
INSERT INTO supermarket.person(NIF, name, address, phone, email) VALUES(290587567, 'Filipe Soares', 'R. Cónego Maio 74, 3810-089 Aveiro', '963703808', 'fis96@aol.com');
INSERT INTO supermarket.client(clientID, website, clientSince, NIF) VALUES(204, '', '2012/03/30', 290587567);
INSERT INTO supermarket.person(NIF, name, address, phone, email) VALUES(234136495, 'Bernardo Neves', 'Av. Europa 191, 3800-533 Cacia', '917095634', 'bern.ne91@mail.com');
INSERT INTO supermarket.client(clientID, website, clientSince, NIF) VALUES(205, '', '2014/10/31', 234136495);
INSERT INTO supermarket.person(NIF, name, address, phone, email) VALUES(280994738, 'Vasco Ramos', 'R. do Vale Covo Zona Industrial da Taboeira 3800-055, Aveiro', '911979103', 'vascram91@aol.com');
INSERT INTO supermarket.client(clientID, website, clientSince, NIF) VALUES(206, '', '2010/01/11', 280994738);
INSERT INTO supermarket.person(NIF, name, address, phone, email) VALUES(206586806, 'Tomás Mendes', 'R. Dom Manuel Barbuda e Vasconcelos, 3810-498 Aveiro', '966012545', 'tom96@sapo.pt');
INSERT INTO supermarket.employee(employeeID, employeeSince, salary, jobtitle, NIF) VALUES(22, '2011/10/21', 633, 'Operador de Caixa', 206586806);
INSERT INTO supermarket.person(NIF, name, address, phone, email) VALUES(259138487, 'Catarina Araújo', 'Alameda Silva Rocha, 3800-385 Aveiro', '969980419', 'cata.ara96@sapo.pt');
INSERT INTO supermarket.client(clientID, website, clientSince, NIF) VALUES(207, '', '2010/05/11', 259138487);
INSERT INTO supermarket.person(NIF, name, address, phone, email) VALUES(220611517, 'Ana Coelho', 'R. Dom Manuel Barbuda e Vasconcelos, 3810-498 Aveiro', '925640018', 'anco92@outlook.pt');
INSERT INTO supermarket.client(clientID, website, clientSince, NIF) VALUES(208, '', '2013/02/09', 220611517);
INSERT INTO supermarket.person(NIF, name, address, phone, email) VALUES(254305216, 'Sophie Pinto', 'Estr. de São Bernardo 192, 3810-164 Aveiro', '915846190', 'soph_p91@gmail.com');
INSERT INTO supermarket.employee(employeeID, employeeSince, salary, jobtitle, NIF) VALUES(23, '2020/04/14', 613, 'Operador de Caixa', 254305216);
INSERT INTO supermarket.person(NIF, name, address, phone, email) VALUES(203867074, 'Marta Dias', 'R. Marquês de Pombal 99, 3800-527 Cacia', '917413493', 'mart.dias91@hotmail.com');
INSERT INTO supermarket.client(clientID, website, clientSince, NIF) VALUES(209, '', '2018/11/13', 203867074);
INSERT INTO supermarket.person(NIF, name, address, phone, email) VALUES(229565381, 'Paulo Antunes', 'R. Cónego Maio 133, 3810-089 Aveiro', '932745820', 'pau_ant93@sapo.com');
INSERT INTO supermarket.client(clientID, website, clientSince, NIF) VALUES(210, '', '2011/09/11', 229565381);
INSERT INTO supermarket.person(NIF, name, address, phone, email) VALUES(245900230, 'Santiago Lourenço', 'Avenida Manuel Maria Da Rocha Colmieiro, 3800-305 Aveiro', '921872099', 'santl92@gmail.pt');
INSERT INTO supermarket.employee(employeeID, employeeSince, salary, jobtitle, NIF) VALUES(24, '2015/07/11', 691, 'Operador de Caixa', 245900230);
INSERT INTO supermarket.person(NIF, name, address, phone, email) VALUES(251249607, 'Artur Pires', 'R. Eng. Von Haff 27, 3800-177 Aveiro', '921096447', 'a_pire92@gmail.com');
INSERT INTO supermarket.client(clientID, website, clientSince, NIF) VALUES(211, '', '2010/02/25', 251249607);
INSERT INTO supermarket.person(NIF, name, address, phone, email) VALUES(241574856, 'Telmo Figueiredo', 'R. Cónego Maio 133, 3810-089 Aveiro', '924129013', 'tel_fi92@hotmail.pt');
INSERT INTO supermarket.employee(employeeID, employeeSince, salary, jobtitle, NIF) VALUES(25, '2010/12/11', 631, 'Operador de Caixa', 241574856);
INSERT INTO supermarket.person(NIF, name, address, phone, email) VALUES(265151433, 'Pedro Araújo', 'R. Marquês de Pombal 99, 3800-527 Cacia', '967931554', 'pedrar96@mail.com');
INSERT INTO supermarket.client(clientID, website, clientSince, NIF) VALUES(212, '', '2013/03/31', 265151433);
INSERT INTO supermarket.person(NIF, name, address, phone, email) VALUES(237257669, 'Ricardo Tavares', 'R. do Vale Covo Zona Industrial da Taboeira 3800-055, Aveiro', '913277548', 'ric_tava91@gmail.pt');
INSERT INTO supermarket.client(clientID, website, clientSince, NIF) VALUES(213, '', '2017/04/14', 237257669);
INSERT INTO supermarket.person(NIF, name, address, phone, email) VALUES(216097733, 'André Fernandes', 'Estr. de São Bernardo 93, 3810-164 Aveiro', '929038337', 'a.fe92@hotmail.pt');
INSERT INTO supermarket.client(clientID, website, clientSince, NIF) VALUES(214, '', '2017/09/23', 216097733);
INSERT INTO supermarket.person(NIF, name, address, phone, email) VALUES(238363599, 'Alexandre Pinto', 'Av. Europa 191, 3800-533 Cacia', '916468778', 'alex.pin91@aol.pt');
INSERT INTO supermarket.client(clientID, website, clientSince, NIF) VALUES(215, '', '2015/08/24', 238363599);
INSERT INTO supermarket.person(NIF, name, address, phone, email) VALUES(206848977, 'Guilherme Pinto', 'Av. Europa 191, 3800-533 Cacia', '965390473', 'gui_p96@sapo.com');
INSERT INTO supermarket.client(clientID, website, clientSince, NIF) VALUES(216, '', '2015/02/07', 206848977);
INSERT INTO supermarket.person(NIF, name, address, phone, email) VALUES(227943379, 'Pedro Oliveira', 'R. Marquês de Pombal 99, 3800-527 Cacia', '915653110', 'peol91@aol.pt');
INSERT INTO supermarket.client(clientID, website, clientSince, NIF) VALUES(217, '', '2019/07/18', 227943379);
INSERT INTO supermarket.person(NIF, name, address, phone, email) VALUES(264463317, 'Leandro Ferreira', 'R. Cónego Maio 74, 3810-089 Aveiro', '962242829', 'lea_f96@gmail.com');
INSERT INTO supermarket.client(clientID, website, clientSince, NIF) VALUES(218, '', '2020/05/31', 264463317);
INSERT INTO supermarket.person(NIF, name, address, phone, email) VALUES(251044826, 'Paulo Carvalho', 'R. do Norte nº1 Loja D, 3830-167 Gafanha de Aquém', '915443967', 'paul.c91@mail.pt');
INSERT INTO supermarket.client(clientID, website, clientSince, NIF) VALUES(219, '', '2018/10/06', 251044826);
INSERT INTO supermarket.person(NIF, name, address, phone, email) VALUES(269804514, 'Marta Raposo', 'R. Cónego Maio 133, 3810-089 Aveiro', '914157481', 'm_ra91@mail.pt');
INSERT INTO supermarket.client(clientID, website, clientSince, NIF) VALUES(220, '', '2011/05/15', 269804514);
INSERT INTO supermarket.person(NIF, name, address, phone, email) VALUES(275358699, 'Cátia Cruz', 'Estr. de São Bernardo 93, 3810-164 Aveiro', '916809211', 'catcruz91@outlook.pt');
INSERT INTO supermarket.client(clientID, website, clientSince, NIF) VALUES(221, '', '2010/07/15', 275358699);
INSERT INTO supermarket.person(NIF, name, address, phone, email) VALUES(254723051, 'Andreia Nunes', 'Alameda Silva Rocha, 3800-385 Aveiro', '919252574', 'andrnun91@mail.com');
INSERT INTO supermarket.client(clientID, website, clientSince, NIF) VALUES(222, '', '2018/06/17', 254723051);
INSERT INTO supermarket.person(NIF, name, address, phone, email) VALUES(281551852, 'Mariana Figueiredo', 'R. das Cavadas 80, 3810-030 Aveiro', '924943782', 'marifi92@sapo.pt');
INSERT INTO supermarket.client(clientID, website, clientSince, NIF) VALUES(223, '', '2016/11/14', 281551852);
INSERT INTO supermarket.person(NIF, name, address, phone, email) VALUES(207029230, 'Paulo Fernandes', 'R. das Pombas, 3810-150 Aveiro', '915707935', 'pafer91@sapo.pt');
INSERT INTO supermarket.client(clientID, website, clientSince, NIF) VALUES(224, '', '2010/04/19', 207029230);
INSERT INTO supermarket.person(NIF, name, address, phone, email) VALUES(281281535, 'Guilherme Mendes', 'R. Cónego Maio 74, 3810-089 Aveiro', '929593653', 'g.mend92@mail.pt');
INSERT INTO supermarket.client(clientID, website, clientSince, NIF) VALUES(225, '', '2010/10/22', 281281535);
INSERT INTO supermarket.person(NIF, name, address, phone, email) VALUES(281043972, 'Vasco Costa', 'R. das Pombas, 3810-150 Aveiro', '964569115', 'vascc96@aol.pt');
INSERT INTO supermarket.client(clientID, website, clientSince, NIF) VALUES(226, '', '2013/09/30', 281043972);
INSERT INTO supermarket.person(NIF, name, address, phone, email) VALUES(295224325, 'Fábio Antunes', 'Av. Europa 705, 3810-140 Aveiro', '936101922', 'f_antu93@aol.pt');
INSERT INTO supermarket.client(clientID, website, clientSince, NIF) VALUES(227, '', '2010/10/31', 295224325);
INSERT INTO supermarket.person(NIF, name, address, phone, email) VALUES(281773065, 'Mariana Martins', 'Estr. de São Bernardo 93, 3810-164 Aveiro', '962706464', 'mar_ma96@hotmail.com');
INSERT INTO supermarket.client(clientID, website, clientSince, NIF) VALUES(228, '', '2014/02/10', 281773065);
INSERT INTO supermarket.person(NIF, name, address, phone, email) VALUES(259859467, 'André Pinto', 'R. Cónego Maio 133, 3810-089 Aveiro', '926274222', 'api92@mail.pt');
INSERT INTO supermarket.client(clientID, website, clientSince, NIF) VALUES(229, '', '2017/09/28', 259859467);
INSERT INTO supermarket.person(NIF, name, address, phone, email) VALUES(275915791, 'Miguel Cunha', 'R. Eng. Von Haff 27, 3800-177 Aveiro', '963273434', 'mcunh96@sapo.com');
INSERT INTO supermarket.client(clientID, website, clientSince, NIF) VALUES(230, '', '2020/07/11', 275915791);
INSERT INTO supermarket.person(NIF, name, address, phone, email) VALUES(205513744, 'Tomás Matos', 'Av. Europa 191, 3800-533 Cacia', '961344534', 'tom.mato96@outlook.pt');
INSERT INTO supermarket.client(clientID, website, clientSince, NIF) VALUES(231, '', '2016/03/03', 205513744);
INSERT INTO supermarket.person(NIF, name, address, phone, email) VALUES(241697827, 'Tiago Castro', 'R. Cónego Maio 74, 3810-089 Aveiro', '965624124', 'tiagcast96@aol.com');
INSERT INTO supermarket.client(clientID, website, clientSince, NIF) VALUES(232, '', '2020/08/25', 241697827);
INSERT INTO supermarket.person(NIF, name, address, phone, email) VALUES(205210660, 'Ricardo Machado', 'R. dos Bombeiros da Celulose 85, 3800-536 Cacia', '917675678', 'rmac91@gmail.pt');
INSERT INTO supermarket.client(clientID, website, clientSince, NIF) VALUES(233, '', '2015/05/29', 205210660);
INSERT INTO supermarket.person(NIF, name, address, phone, email) VALUES(239264808, 'Patrícia Alves', 'Alameda Silva Rocha, 3800-385 Aveiro', '911250932', 'patal91@sapo.pt');
INSERT INTO supermarket.client(clientID, website, clientSince, NIF) VALUES(234, '', '2011/01/18', 239264808);
INSERT INTO supermarket.person(NIF, name, address, phone, email) VALUES(219030572, 'Daniela Costa', 'R. do Norte, 3830-167 Gafanha de Aquém', '968155751', 'dani_cos96@gmail.com');
INSERT INTO supermarket.client(clientID, website, clientSince, NIF) VALUES(235, '', '2015/06/13', 219030572);
INSERT INTO supermarket.person(NIF, name, address, phone, email) VALUES(278783025, 'Miguel Matos', 'Urbanização Chave 52, 3810-081 Aveiro', '916515299', 'mi_m91@aol.pt');
INSERT INTO supermarket.employee(employeeID, employeeSince, salary, jobtitle, NIF) VALUES(26, '2012/05/08', 676, 'Operador de Caixa', 278783025);
INSERT INTO supermarket.person(NIF, name, address, phone, email) VALUES(247129144, 'Tomé Sousa', 'Av. Europa 191, 3800-533 Cacia', '914424005', 'tome_sous91@aol.pt');
INSERT INTO supermarket.client(clientID, website, clientSince, NIF) VALUES(236, '', '2018/04/22', 247129144);
INSERT INTO supermarket.person(NIF, name, address, phone, email) VALUES(298951739, 'Daniela Soares', 'R. da Paz 109 A, 3800-587 Cacia', '939235993', 'danso93@mail.pt');
INSERT INTO supermarket.employee(employeeID, employeeSince, salary, jobtitle, NIF) VALUES(27, '2011/10/12', 628, 'Operador de Caixa', 298951739);
INSERT INTO supermarket.person(NIF, name, address, phone, email) VALUES(239715390, 'Gonçalo Silva', 'R. do Norte nº1 Loja D, 3830-167 Gafanha de Aquém', '969870855', 'gsi96@gmail.com');
INSERT INTO supermarket.employee(employeeID, employeeSince, salary, jobtitle, NIF) VALUES(28, '2014/07/07', 657, 'Operador de Caixa', 239715390);
INSERT INTO supermarket.person(NIF, name, address, phone, email) VALUES(265004099, 'Sophie Lourenço', 'Feira Nova Hipermercados, Esgueira, 3800-000 Aveiro', '912465825', 'sol91@aol.com');
INSERT INTO supermarket.client(clientID, website, clientSince, NIF) VALUES(237, '', '2013/08/17', 265004099);
INSERT INTO supermarket.person(NIF, name, address, phone, email) VALUES(252576839, 'Fábio Gonçalves', 'R. do Vale Covo Zona Industrial da Taboeira 3800-055, Aveiro', '927420785', 'fa.g92@sapo.pt');
INSERT INTO supermarket.employee(employeeID, employeeSince, salary, jobtitle, NIF) VALUES(29, '2014/07/23', 679, 'Operador de Caixa', 252576839);
INSERT INTO supermarket.person(NIF, name, address, phone, email) VALUES(253453385, 'Eva Teixeira', 'Alameda Silva Rocha, 3800-385 Aveiro', '929548245', 'evte92@hotmail.com');
INSERT INTO supermarket.client(clientID, website, clientSince, NIF) VALUES(238, '', '2013/05/01', 253453385);
INSERT INTO supermarket.person(NIF, name, address, phone, email) VALUES(290530378, 'Rita Fonseca', 'Av. Europa 191, 3800-533 Cacia', '923939100', 'ritafon92@aol.com');
INSERT INTO supermarket.client(clientID, website, clientSince, NIF) VALUES(239, '', '2017/09/09', 290530378);
INSERT INTO supermarket.person(NIF, name, address, phone, email) VALUES(286778450, 'Telmo Fonseca', 'R. da Cabreira 164, 3810-071 Aveiro', '968386554', 'telfon96@mail.pt');
INSERT INTO supermarket.employee(employeeID, employeeSince, salary, jobtitle, NIF) VALUES(30, '2011/01/08', 642, 'Operador de Caixa', 286778450);
INSERT INTO supermarket.person(NIF, name, address, phone, email) VALUES(258671702, 'Beatriz Jesus', 'R. da Paz 109 A, 3800-587 Cacia', '913974364', 'be.je91@sapo.pt');
INSERT INTO supermarket.client(clientID, website, clientSince, NIF) VALUES(240, '', '2011/04/20', 258671702);
INSERT INTO supermarket.person(NIF, name, address, phone, email) VALUES(229778528, 'Eva Moreira', 'R. Cónego Maio 74, 3810-089 Aveiro', '924485519', 'evamore92@hotmail.com');
INSERT INTO supermarket.client(clientID, website, clientSince, NIF) VALUES(241, '', '2015/08/08', 229778528);
INSERT INTO supermarket.person(NIF, name, address, phone, email) VALUES(233333866, 'Cátia Fonseca', 'Avenida Manuel Maria Da Rocha Colmieiro, 3800-305 Aveiro', '911157806', 'cat.fons91@aol.com');
INSERT INTO supermarket.client(clientID, website, clientSince, NIF) VALUES(242, '', '2020/01/11', 233333866);
INSERT INTO supermarket.person(NIF, name, address, phone, email) VALUES(277734511, 'Manuel Correia', 'R. da Paz 109 A, 3800-587 Cacia', '924250386', 'manu_c92@gmail.pt');
INSERT INTO supermarket.client(clientID, website, clientSince, NIF) VALUES(243, '', '2017/06/24', 277734511);
INSERT INTO supermarket.person(NIF, name, address, phone, email) VALUES(237757559, 'Pedro Figueiredo', 'Avenida Manuel Maria Da Rocha Colmieiro, 3800-305 Aveiro', '923762274', 'pedrf92@outlook.com');
INSERT INTO supermarket.client(clientID, website, clientSince, NIF) VALUES(244, '', '2010/01/19', 237757559);
INSERT INTO supermarket.person(NIF, name, address, phone, email) VALUES(267986039, 'Rute Pereira', 'R. do Vale Covo Zona Industrial da Taboeira 3800-055, Aveiro', '961204680', 'rutep96@sapo.pt');
INSERT INTO supermarket.client(clientID, website, clientSince, NIF) VALUES(245, '', '2010/12/14', 267986039);
INSERT INTO supermarket.person(NIF, name, address, phone, email) VALUES(290350208, 'Nuno Sousa', 'R. das Pombas, 3810-150 Aveiro', '939542593', 'nunso93@sapo.com');
INSERT INTO supermarket.employee(employeeID, employeeSince, salary, jobtitle, NIF) VALUES(31, '2018/02/09', 670, 'Operador de Caixa', 290350208);
INSERT INTO supermarket.person(NIF, name, address, phone, email) VALUES(273384577, 'Beatriz Azevedo', 'R. da Paz nº2, 3800-309 Aveiro', '963325742', 'be_azev96@gmail.com');
INSERT INTO supermarket.client(clientID, website, clientSince, NIF) VALUES(246, '', '2016/03/10', 273384577);
INSERT INTO supermarket.person(NIF, name, address, phone, email) VALUES(233792641, 'Ricardo Rodrigues', 'Estr. de São Bernardo 318E, 3810-174 Aveiro', '914108531', 'ricaro91@outlook.pt');
INSERT INTO supermarket.client(clientID, website, clientSince, NIF) VALUES(247, '', '2011/05/21', 233792641);
INSERT INTO supermarket.person(NIF, name, address, phone, email) VALUES(204072071, 'Camila Cruz', 'R. do Norte nº1 Loja D, 3830-167 Gafanha de Aquém', '936433808', 'cacru93@sapo.pt');
INSERT INTO supermarket.client(clientID, website, clientSince, NIF) VALUES(248, '', '2010/03/20', 204072071);
INSERT INTO supermarket.person(NIF, name, address, phone, email) VALUES(257270921, 'Afonso Lourenço', 'Variante à N326 3811, 3811-902 Aveiro', '929548298', 'afonlou92@mail.com');
INSERT INTO supermarket.client(clientID, website, clientSince, NIF) VALUES(249, '', '2016/07/16', 257270921);
INSERT INTO supermarket.person(NIF, name, address, phone, email) VALUES(277865617, 'Gonçalo Alves', 'R. do Vale Covo Zona Industrial da Taboeira 3800-055, Aveiro', '937557888', 'gonalv93@hotmail.pt');
INSERT INTO supermarket.employee(employeeID, employeeSince, salary, jobtitle, NIF) VALUES(32, '2020/01/31', 635, 'Operador de Caixa', 277865617);
INSERT INTO supermarket.person(NIF, name, address, phone, email) VALUES(231359640, 'Afonso Cunha', 'Urbanização Chave 52, 3810-081 Aveiro', '918465740', 'afocunh91@hotmail.com');
INSERT INTO supermarket.client(clientID, website, clientSince, NIF) VALUES(250, '', '2019/12/16', 231359640);
INSERT INTO supermarket.person(NIF, name, address, phone, email) VALUES(248571034, 'Fábio Correia', 'Estr. de São Bernardo 318E, 3810-174 Aveiro', '912982535', 'fabico91@outlook.pt');
INSERT INTO supermarket.client(clientID, website, clientSince, NIF) VALUES(251, '', '2014/10/22', 248571034);
INSERT INTO supermarket.person(NIF, name, address, phone, email) VALUES(221914266, 'Tomé Castro', 'R. Cónego Maio 74, 3810-089 Aveiro', '932646187', 'toc93@outlook.com');
INSERT INTO supermarket.client(clientID, website, clientSince, NIF) VALUES(252, '', '2018/03/11', 221914266);
INSERT INTO supermarket.person(NIF, name, address, phone, email) VALUES(288244895, 'Camila Raposo', 'Alameda Silva Rocha, 3800-385 Aveiro', '965025318', 'cr96@aol.com');
INSERT INTO supermarket.client(clientID, website, clientSince, NIF) VALUES(253, '', '2018/01/15', 288244895);
INSERT INTO supermarket.person(NIF, name, address, phone, email) VALUES(214844578, 'Cátia Azevedo', 'Estr. de São Bernardo 318E, 3810-174 Aveiro', '966854067', 'ca96@outlook.com');
INSERT INTO supermarket.client(clientID, website, clientSince, NIF) VALUES(254, '', '2017/05/08', 214844578);
INSERT INTO supermarket.person(NIF, name, address, phone, email) VALUES(212518052, 'Daniela Ribeiro', 'Estr. de São Bernardo 93, 3810-164 Aveiro', '925870276', 'darib92@outlook.com');
INSERT INTO supermarket.client(clientID, website, clientSince, NIF) VALUES(255, '', '2017/08/29', 212518052);
INSERT INTO supermarket.person(NIF, name, address, phone, email) VALUES(262153381, 'Ricardo Fonseca', 'R. do Norte nº1 Loja D, 3830-167 Gafanha de Aquém', '965932486', 'ricafons96@sapo.com');
INSERT INTO supermarket.client(clientID, website, clientSince, NIF) VALUES(256, '', '2011/11/28', 262153381);
INSERT INTO supermarket.person(NIF, name, address, phone, email) VALUES(284124325, 'Rodrigo Fonseca', 'R. da Paz 109 A, 3800-587 Cacia', '929666668', 'rodf92@gmail.pt');
INSERT INTO supermarket.client(clientID, website, clientSince, NIF) VALUES(257, '', '2011/05/08', 284124325);
INSERT INTO supermarket.person(NIF, name, address, phone, email) VALUES(246736040, 'Paulo Santos', 'R. Cónego Maio 74, 3810-089 Aveiro', '963047673', 'paus96@gmail.pt');
INSERT INTO supermarket.employee(employeeID, employeeSince, salary, jobtitle, NIF) VALUES(33, '2018/10/28', 632, 'Operador de Caixa', 246736040);
INSERT INTO supermarket.person(NIF, name, address, phone, email) VALUES(212599976, 'Ana Ferreira', 'R. das Cavadas 80, 3810-030 Aveiro', '968214572', 'ana.fer96@mail.pt');
INSERT INTO supermarket.client(clientID, website, clientSince, NIF) VALUES(258, '', '2018/11/02', 212599976);
INSERT INTO supermarket.person(NIF, name, address, phone, email) VALUES(216204463, 'Telmo Vieira', 'R. da Paz nº2, 3800-309 Aveiro', '964546946', 't_v96@outlook.pt');
INSERT INTO supermarket.client(clientID, website, clientSince, NIF) VALUES(259, '', '2016/11/08', 216204463);
INSERT INTO supermarket.person(NIF, name, address, phone, email) VALUES(280282297, 'Manuel Oliveira', 'Estr. de São Bernardo 318E, 3810-174 Aveiro', '919226779', 'mano91@outlook.pt');
INSERT INTO supermarket.client(clientID, website, clientSince, NIF) VALUES(260, '', '2013/01/13', 280282297);
INSERT INTO supermarket.person(NIF, name, address, phone, email) VALUES(283067581, 'André Matos', 'R. Dom Manuel Barbuda e Vasconcelos, 3810-498 Aveiro', '924025882', 'andr.mato92@sapo.pt');
INSERT INTO supermarket.client(clientID, website, clientSince, NIF) VALUES(261, '', '2018/07/26', 283067581);
INSERT INTO supermarket.person(NIF, name, address, phone, email) VALUES(266855614, 'Patrícia Jesus', 'Urbanização Chave 52, 3810-081 Aveiro', '964033994', 'patjes96@mail.com');
INSERT INTO supermarket.client(clientID, website, clientSince, NIF) VALUES(262, '', '2019/02/10', 266855614);
INSERT INTO supermarket.person(NIF, name, address, phone, email) VALUES(247735487, 'José Ramos', 'Urbanização Chave 52, 3810-081 Aveiro', '963067999', 'jos_ra96@outlook.com');
INSERT INTO supermarket.client(clientID, website, clientSince, NIF) VALUES(263, '', '2020/03/23', 247735487);
INSERT INTO supermarket.person(NIF, name, address, phone, email) VALUES(228066496, 'Paulo Moreira', 'R. da Paz 109 A, 3800-587 Cacia', '962101013', 'paulmore96@gmail.com');
INSERT INTO supermarket.client(clientID, website, clientSince, NIF) VALUES(264, '', '2020/11/20', 228066496);
INSERT INTO supermarket.person(NIF, name, address, phone, email) VALUES(263955649, 'Daniela Castro', 'Av. Europa 705, 3810-140 Aveiro', '924690390', 'dancast92@sapo.com');
INSERT INTO supermarket.employee(employeeID, employeeSince, salary, jobtitle, NIF) VALUES(34, '2013/10/16', 600, 'Operador de Caixa', 263955649);
INSERT INTO supermarket.person(NIF, name, address, phone, email) VALUES(249521353, 'Fábio Sousa', 'R. Dom Manuel Barbuda e Vasconcelos, 3810-498 Aveiro', '962095758', 'fabis96@gmail.pt');
INSERT INTO supermarket.client(clientID, website, clientSince, NIF) VALUES(265, '', '2020/08/02', 249521353);
INSERT INTO supermarket.person(NIF, name, address, phone, email) VALUES(267429066, 'Catarina Barbosa', 'Estr. de São Bernardo 318E, 3810-174 Aveiro', '934575882', 'ca.bar93@gmail.pt');
INSERT INTO supermarket.client(clientID, website, clientSince, NIF) VALUES(266, '', '2010/10/17', 267429066);
INSERT INTO supermarket.person(NIF, name, address, phone, email) VALUES(211002572, 'Leonor Alves', 'R. Marquês de Pombal 99, 3800-527 Cacia', '934653889', 'leo_alv93@outlook.pt');
INSERT INTO supermarket.client(clientID, website, clientSince, NIF) VALUES(267, '', '2012/06/24', 211002572);
INSERT INTO supermarket.person(NIF, name, address, phone, email) VALUES(295757004, 'José Ramos', 'R. Cónego Maio 133, 3810-089 Aveiro', '965684051', 'joser96@outlook.com');
INSERT INTO supermarket.client(clientID, website, clientSince, NIF) VALUES(268, '', '2013/10/03', 295757004);
INSERT INTO supermarket.person(NIF, name, address, phone, email) VALUES(270918862, 'Marta Tavares', 'R. Eng. Von Haff 27, 3800-177 Aveiro', '917833427', 'mart.tav91@hotmail.com');
INSERT INTO supermarket.client(clientID, website, clientSince, NIF) VALUES(269, '', '2016/07/06', 270918862);
INSERT INTO supermarket.person(NIF, name, address, phone, email) VALUES(211248337, 'Beatriz Oliveira', 'R. da Cabreira 164, 3810-071 Aveiro', '928422648', 'boliv92@aol.pt');
INSERT INTO supermarket.client(clientID, website, clientSince, NIF) VALUES(270, '', '2014/11/17', 211248337);
INSERT INTO supermarket.person(NIF, name, address, phone, email) VALUES(296576210, 'Bernardo Teixeira', 'R. do Norte, 3830-167 Gafanha de Aquém', '914596125', 'berntei91@aol.pt');
INSERT INTO supermarket.client(clientID, website, clientSince, NIF) VALUES(271, '', '2019/02/09', 296576210);
INSERT INTO supermarket.person(NIF, name, address, phone, email) VALUES(212526293, 'Miguel Neves', 'Rua de Vicente Almeida de Eça 12, 3800-144 Aveiro', '938864951', 'm_neve93@hotmail.pt');
INSERT INTO supermarket.client(clientID, website, clientSince, NIF) VALUES(272, '', '2015/09/03', 212526293);
INSERT INTO supermarket.person(NIF, name, address, phone, email) VALUES(226338005, 'Telmo Nunes', 'R. do Norte nº1 Loja D, 3830-167 Gafanha de Aquém', '932338682', 't.nune93@gmail.pt');
INSERT INTO supermarket.client(clientID, website, clientSince, NIF) VALUES(273, '', '2010/01/08', 226338005);
INSERT INTO supermarket.person(NIF, name, address, phone, email) VALUES(293643480, 'Santiago Araújo', 'Av. Europa 191, 3800-533 Cacia', '963640104', 'san.ar96@aol.pt');
INSERT INTO supermarket.client(clientID, website, clientSince, NIF) VALUES(274, '', '2018/12/05', 293643480);
INSERT INTO supermarket.person(NIF, name, address, phone, email) VALUES(232907998, 'Tiago Machado', 'Feira Nova Hipermercados, Esgueira, 3800-000 Aveiro', '966579266', 'tiag.m96@sapo.pt');
INSERT INTO supermarket.client(clientID, website, clientSince, NIF) VALUES(275, '', '2015/04/18', 232907998);
INSERT INTO supermarket.person(NIF, name, address, phone, email) VALUES(280339684, 'Andreia Antunes', 'R. do Vale Covo Zona Industrial da Taboeira 3800-055, Aveiro', '927455348', 'andra92@gmail.com');
INSERT INTO supermarket.client(clientID, website, clientSince, NIF) VALUES(276, '', '2016/04/16', 280339684);
INSERT INTO supermarket.person(NIF, name, address, phone, email) VALUES(292979942, 'Daniela Carvalho', 'Avenida Manuel Maria Da Rocha Colmieiro, 3800-305 Aveiro', '937004086', 'daca93@sapo.pt');
INSERT INTO supermarket.client(clientID, website, clientSince, NIF) VALUES(277, '', '2014/12/22', 292979942);
INSERT INTO supermarket.person(NIF, name, address, phone, email) VALUES(283206890, 'Mariana Araújo', 'Zona Industrial da Taboeira Aveiro, Retail Park Lote F, 3800-055 Aveiro', '924505044', 'ma92@hotmail.com');
INSERT INTO supermarket.client(clientID, website, clientSince, NIF) VALUES(278, '', '2012/09/12', 283206890);
INSERT INTO supermarket.person(NIF, name, address, phone, email) VALUES(242001138, 'Rute Araújo', 'Zona Industrial da Taboeira Aveiro, Retail Park Lote F, 3800-055 Aveiro', '912829512', 'rute_a91@sapo.pt');
INSERT INTO supermarket.client(clientID, website, clientSince, NIF) VALUES(279, '', '2018/08/10', 242001138);
INSERT INTO supermarket.person(NIF, name, address, phone, email) VALUES(203678970, 'Patrícia Almeida', 'Urbanização Chave 52, 3810-081 Aveiro', '931729677', 'paalm93@aol.pt');
INSERT INTO supermarket.client(clientID, website, clientSince, NIF) VALUES(280, '', '2011/05/08', 203678970);
INSERT INTO supermarket.person(NIF, name, address, phone, email) VALUES(241788160, 'Afonso Santos', 'Av. Europa 191, 3800-533 Cacia', '922188467', 'afsan92@mail.pt');
INSERT INTO supermarket.client(clientID, website, clientSince, NIF) VALUES(281, '', '2014/11/12', 241788160);
INSERT INTO supermarket.person(NIF, name, address, phone, email) VALUES(230139136, 'Leonor Soares', 'R. do Norte, 3830-167 Gafanha de Aquém', '931107604', 'leo.so93@mail.com');
INSERT INTO supermarket.client(clientID, website, clientSince, NIF) VALUES(282, '', '2013/04/21', 230139136);
INSERT INTO supermarket.person(NIF, name, address, phone, email) VALUES(297493763, 'Camila Cruz', 'R. do Vale Covo Zona Industrial da Taboeira 3800-055, Aveiro', '911232320', 'cami.cruz91@aol.com');
INSERT INTO supermarket.client(clientID, website, clientSince, NIF) VALUES(283, '', '2011/07/05', 297493763);
INSERT INTO supermarket.person(NIF, name, address, phone, email) VALUES(286590212, 'Tomé Azevedo', 'R. Direita de Aradas 103, 3810-005 Aveiro', '925398388', 'ta92@aol.pt');
INSERT INTO supermarket.client(clientID, website, clientSince, NIF) VALUES(284, '', '2019/11/06', 286590212);
INSERT INTO supermarket.person(NIF, name, address, phone, email) VALUES(270820616, 'Catarina Santos', 'R. do Norte, 3830-167 Gafanha de Aquém', '964856345', 'cata.s96@hotmail.pt');
INSERT INTO supermarket.client(clientID, website, clientSince, NIF) VALUES(285, '', '2015/05/18', 270820616);
INSERT INTO supermarket.person(NIF, name, address, phone, email) VALUES(225797384, 'Rita Costa', 'R. das Cavadas 80, 3810-030 Aveiro', '921048697', 'ri.c92@gmail.com');
INSERT INTO supermarket.client(clientID, website, clientSince, NIF) VALUES(286, '', '2010/01/13', 225797384);
INSERT INTO supermarket.person(NIF, name, address, phone, email) VALUES(258876696, 'Paulo Araújo', 'R. das Cavadas 80, 3810-030 Aveiro', '915587874', 'pau.a91@gmail.pt');
INSERT INTO supermarket.client(clientID, website, clientSince, NIF) VALUES(287, '', '2012/02/26', 258876696);
INSERT INTO supermarket.person(NIF, name, address, phone, email) VALUES(266487065, 'Alexandre Pires', 'Av. Europa 705, 3810-140 Aveiro', '913995380', 'alep91@mail.pt');
INSERT INTO supermarket.client(clientID, website, clientSince, NIF) VALUES(288, '', '2019/04/05', 266487065);
INSERT INTO supermarket.person(NIF, name, address, phone, email) VALUES(233391388, 'Tiago Pereira', 'R. Eng. Von Haff 27, 3800-177 Aveiro', '964078315', 'ti.p96@aol.com');
INSERT INTO supermarket.client(clientID, website, clientSince, NIF) VALUES(289, '', '2019/04/09', 233391388);
INSERT INTO supermarket.person(NIF, name, address, phone, email) VALUES(269747484, 'Catarina Figueiredo', 'Urbanização Chave 52, 3810-081 Aveiro', '966116522', 'catf96@gmail.pt');
INSERT INTO supermarket.client(clientID, website, clientSince, NIF) VALUES(290, '', '2020/10/27', 269747484);
INSERT INTO supermarket.person(NIF, name, address, phone, email) VALUES(210552097, 'Ricardo Martins', 'R. da Paz nº2, 3800-309 Aveiro', '911726506', 'ric.ma91@aol.pt');
INSERT INTO supermarket.client(clientID, website, clientSince, NIF) VALUES(291, '', '2014/07/29', 210552097);
INSERT INTO supermarket.person(NIF, name, address, phone, email) VALUES(247268644, 'Tomás Mendes', 'R. Cónego Maio 133, 3810-089 Aveiro', '922738247', 'tomam92@hotmail.pt');
INSERT INTO supermarket.client(clientID, website, clientSince, NIF) VALUES(292, '', '2019/10/13', 247268644);
INSERT INTO supermarket.person(NIF, name, address, phone, email) VALUES(228771118, 'Diogo Teixeira', 'R. Cónego Maio 74, 3810-089 Aveiro', '929970688', 'dio.te92@aol.com');
INSERT INTO supermarket.client(clientID, website, clientSince, NIF) VALUES(293, '', '2019/05/03', 228771118);
INSERT INTO supermarket.person(NIF, name, address, phone, email) VALUES(280921396, 'Leandro Teixeira', 'R. do Vale Covo Zona Industrial da Taboeira 3800-055, Aveiro', '933833591', 'let93@aol.com');
INSERT INTO supermarket.client(clientID, website, clientSince, NIF) VALUES(294, '', '2011/06/17', 280921396);
INSERT INTO supermarket.person(NIF, name, address, phone, email) VALUES(244966711, 'Artur Castro', 'Variante à N326 3811, 3811-902 Aveiro', '917285293', 'artucas91@aol.pt');
INSERT INTO supermarket.client(clientID, website, clientSince, NIF) VALUES(295, '', '2017/06/04', 244966711);
INSERT INTO supermarket.person(NIF, name, address, phone, email) VALUES(229115197, 'Manuel Tavares', 'R. Cónego Maio 133, 3810-089 Aveiro', '929033950', 'manuta92@outlook.com');
INSERT INTO supermarket.client(clientID, website, clientSince, NIF) VALUES(296, '', '2012/02/18', 229115197);
INSERT INTO supermarket.person(NIF, name, address, phone, email) VALUES(245466430, 'Tomás Ferreira', 'R. Marquês de Pombal 99, 3800-527 Cacia', '933496412', 'tom.f93@hotmail.pt');
INSERT INTO supermarket.client(clientID, website, clientSince, NIF) VALUES(297, '', '2015/12/09', 245466430);
INSERT INTO supermarket.person(NIF, name, address, phone, email) VALUES(208700737, 'Gonçalo Reis', 'R. do Norte, 3830-167 Gafanha de Aquém', '923921474', 'gorei92@outlook.com');
INSERT INTO supermarket.client(clientID, website, clientSince, NIF) VALUES(298, '', '2018/10/07', 208700737);
INSERT INTO supermarket.person(NIF, name, address, phone, email) VALUES(272090438, 'Catarina Mendes', 'R. da Cabreira 164, 3810-071 Aveiro', '924778425', 'catmen92@hotmail.com');
INSERT INTO supermarket.client(clientID, website, clientSince, NIF) VALUES(299, '', '2013/02/24', 272090438);
INSERT INTO supermarket.person(NIF, name, address, phone, email) VALUES(213001543, 'José Cruz', 'Variante à N326 3811, 3811-902 Aveiro', '913743887', 'jcru91@mail.com');
INSERT INTO supermarket.client(clientID, website, clientSince, NIF) VALUES(300, '', '2015/10/26', 213001543);
INSERT INTO supermarket.person(NIF, name, address, phone, email) VALUES(206382407, 'André Monteiro', 'R. Marquês de Pombal 99, 3800-527 Cacia', '923265641', 'anmo92@aol.com');
INSERT INTO supermarket.client(clientID, website, clientSince, NIF) VALUES(301, '', '2013/01/26', 206382407);
INSERT INTO supermarket.person(NIF, name, address, phone, email) VALUES(257508684, 'Artur Cardoso', 'R. Direita de Aradas 103, 3810-005 Aveiro', '968222568', 'aca96@aol.pt');
INSERT INTO supermarket.client(clientID, website, clientSince, NIF) VALUES(302, '', '2011/04/18', 257508684);
INSERT INTO supermarket.person(NIF, name, address, phone, email) VALUES(252175694, 'Diogo Cunha', 'R. do Norte, 3830-167 Gafanha de Aquém', '919331477', 'dio_c91@hotmail.com');
INSERT INTO supermarket.client(clientID, website, clientSince, NIF) VALUES(303, '', '2019/05/27', 252175694);
INSERT INTO supermarket.person(NIF, name, address, phone, email) VALUES(254248273, 'Guilherme Tavares', 'Variante à N326 3811, 3811-902 Aveiro', '927303831', 'gta92@outlook.com');
INSERT INTO supermarket.client(clientID, website, clientSince, NIF) VALUES(304, '', '2017/02/21', 254248273);
INSERT INTO supermarket.person(NIF, name, address, phone, email) VALUES(241558872, 'João Costa', 'Estr. de São Bernardo 192, 3810-164 Aveiro', '927336277', 'jocost92@mail.com');
INSERT INTO supermarket.client(clientID, website, clientSince, NIF) VALUES(305, '', '2013/03/23', 241558872);
INSERT INTO supermarket.person(NIF, name, address, phone, email) VALUES(241870172, 'Cátia Rodrigues', 'R. do Vale Covo Zona Industrial da Taboeira 3800-055, Aveiro', '965657829', 'catrod96@hotmail.com');
INSERT INTO supermarket.client(clientID, website, clientSince, NIF) VALUES(306, '', '2013/03/30', 241870172);
INSERT INTO supermarket.person(NIF, name, address, phone, email) VALUES(253928796, 'Rute Antunes', 'R. das Pombas, 3810-150 Aveiro', '966858721', 'r_antu96@sapo.com');
INSERT INTO supermarket.client(clientID, website, clientSince, NIF) VALUES(307, '', '2020/02/12', 253928796);
INSERT INTO supermarket.person(NIF, name, address, phone, email) VALUES(201065827, 'Camila Soares', 'Av. Europa 705, 3810-140 Aveiro', '912213156', 'cami.soa91@aol.com');
INSERT INTO supermarket.client(clientID, website, clientSince, NIF) VALUES(308, '', '2012/06/15', 201065827);
INSERT INTO supermarket.person(NIF, name, address, phone, email) VALUES(247711103, 'Eva Soares', 'R. da Paz nº2, 3800-309 Aveiro', '961522791', 'ev_soa96@outlook.pt');
INSERT INTO supermarket.client(clientID, website, clientSince, NIF) VALUES(309, '', '2012/06/23', 247711103);
INSERT INTO supermarket.person(NIF, name, address, phone, email) VALUES(209184136, 'Santiago Cruz', 'Urbanização Chave 52, 3810-081 Aveiro', '924003613', 'sancr92@hotmail.pt');
INSERT INTO supermarket.client(clientID, website, clientSince, NIF) VALUES(310, '', '2014/10/04', 209184136);
INSERT INTO supermarket.person(NIF, name, address, phone, email) VALUES(249292176, 'Ana Fernandes', 'R. do Norte nº1 Loja D, 3830-167 Gafanha de Aquém', '934184604', 'an_f93@mail.com');
INSERT INTO supermarket.client(clientID, website, clientSince, NIF) VALUES(311, '', '2018/08/07', 249292176);
INSERT INTO supermarket.person(NIF, name, address, phone, email) VALUES(216434066, 'Gonçalo Silva', 'R. da Cabreira 164, 3810-071 Aveiro', '934089990', 'go_s93@mail.com');
INSERT INTO supermarket.client(clientID, website, clientSince, NIF) VALUES(312, '', '2010/09/03', 216434066);
INSERT INTO supermarket.person(NIF, name, address, phone, email) VALUES(268101011, 'André Barbosa', 'R. do Norte, 3830-167 Gafanha de Aquém', '967465537', 'andbarb96@hotmail.pt');
INSERT INTO supermarket.client(clientID, website, clientSince, NIF) VALUES(313, '', '2013/03/05', 268101011);
INSERT INTO supermarket.person(NIF, name, address, phone, email) VALUES(246850963, 'Guilherme Lourenço', 'Av. Europa 191, 3800-533 Cacia', '934740060', 'gulour93@sapo.com');
INSERT INTO supermarket.client(clientID, website, clientSince, NIF) VALUES(314, '', '2015/07/29', 246850963);
INSERT INTO supermarket.person(NIF, name, address, phone, email) VALUES(252700051, 'José Almeida', 'Avenida Manuel Maria Da Rocha Colmieiro, 3800-305 Aveiro', '935505021', 'jose_alme93@gmail.com');
INSERT INTO supermarket.client(clientID, website, clientSince, NIF) VALUES(315, '', '2017/04/22', 252700051);
INSERT INTO supermarket.person(NIF, name, address, phone, email) VALUES(291399064, 'Leandro Ramos', 'R. do Norte, 3830-167 Gafanha de Aquém', '924536887', 'leram92@outlook.pt');
INSERT INTO supermarket.employee(employeeID, employeeSince, salary, jobtitle, NIF) VALUES(35, '2018/11/13', 666, 'Operador de Caixa', 291399064);
INSERT INTO supermarket.person(NIF, name, address, phone, email) VALUES(203679133, 'Eduardo Barbosa', 'R. da Cabreira 164, 3810-071 Aveiro', '912857227', 'edbarb91@outlook.pt');
INSERT INTO supermarket.client(clientID, website, clientSince, NIF) VALUES(316, '', '2017/06/29', 203679133);
INSERT INTO supermarket.person(NIF, name, address, phone, email) VALUES(255509918, 'Bernardo Jesus', 'R. da Paz nº2, 3800-309 Aveiro', '912667669', 'bern_jes91@aol.com');
INSERT INTO supermarket.client(clientID, website, clientSince, NIF) VALUES(317, '', '2011/05/01', 255509918);
INSERT INTO supermarket.person(NIF, name, address, phone, email) VALUES(234497446, 'Leandro Almeida', 'R. Marquês de Pombal 99, 3800-527 Cacia', '924605327', 'leal92@aol.pt');
INSERT INTO supermarket.client(clientID, website, clientSince, NIF) VALUES(318, '', '2014/03/05', 234497446);
INSERT INTO supermarket.person(NIF, name, address, phone, email) VALUES(264840621, 'André Coelho', 'Rua de Vicente Almeida de Eça 12, 3800-144 Aveiro', '962616440', 'andcoel96@aol.pt');
INSERT INTO supermarket.employee(employeeID, employeeSince, salary, jobtitle, NIF) VALUES(36, '2013/08/28', 637, 'Operador de Caixa', 264840621);
INSERT INTO supermarket.person(NIF, name, address, phone, email) VALUES(245360057, 'Paulo Pereira', 'Avenida Manuel Maria Da Rocha Colmieiro, 3800-305 Aveiro', '931125617', 'paul.pe93@hotmail.com');
INSERT INTO supermarket.client(clientID, website, clientSince, NIF) VALUES(319, '', '2010/05/19', 245360057);
INSERT INTO supermarket.person(NIF, name, address, phone, email) VALUES(297444806, 'Eduardo Silva', 'Feira Nova Hipermercados, Esgueira, 3800-000 Aveiro', '967154642', 'edusi96@hotmail.com');
INSERT INTO supermarket.client(clientID, website, clientSince, NIF) VALUES(320, '', '2014/05/04', 297444806);
INSERT INTO supermarket.person(NIF, name, address, phone, email) VALUES(279586247, 'Manuel Teixeira', 'R. da Paz 109 A, 3800-587 Cacia', '968438249', 'man_teix96@outlook.com');
INSERT INTO supermarket.client(clientID, website, clientSince, NIF) VALUES(321, '', '2013/01/21', 279586247);
INSERT INTO supermarket.person(NIF, name, address, phone, email) VALUES(238568907, 'Tiago Tavares', 'R. do Norte nº1 Loja D, 3830-167 Gafanha de Aquém', '922803561', 'ti_ta92@sapo.pt');
INSERT INTO supermarket.client(clientID, website, clientSince, NIF) VALUES(322, '', '2013/02/09', 238568907);
INSERT INTO supermarket.person(NIF, name, address, phone, email) VALUES(247211468, 'Diogo Nunes', 'Av. Europa 705, 3810-140 Aveiro', '927416129', 'dionune92@gmail.com');
INSERT INTO supermarket.client(clientID, website, clientSince, NIF) VALUES(323, '', '2012/12/10', 247211468);
INSERT INTO supermarket.person(NIF, name, address, phone, email) VALUES(246924749, 'Miguel Ribeiro', 'Urbanização Chave 52, 3810-081 Aveiro', '929040203', 'migu_ri92@outlook.pt');
INSERT INTO supermarket.client(clientID, website, clientSince, NIF) VALUES(324, '', '2015/04/17', 246924749);
INSERT INTO supermarket.person(NIF, name, address, phone, email) VALUES(279225805, 'André Marques', 'R. dos Bombeiros da Celulose 85, 3800-536 Cacia', '939291748', 'andr.m93@sapo.com');
INSERT INTO supermarket.client(clientID, website, clientSince, NIF) VALUES(325, '', '2018/08/22', 279225805);
INSERT INTO supermarket.person(NIF, name, address, phone, email) VALUES(202606033, 'Manuel Barbosa', 'Estr. de São Bernardo 93, 3810-164 Aveiro', '936329973', 'man.bar93@mail.com');
INSERT INTO supermarket.employee(employeeID, employeeSince, salary, jobtitle, NIF) VALUES(37, '2011/05/23', 635, 'Operador de Caixa', 202606033);
INSERT INTO supermarket.person(NIF, name, address, phone, email) VALUES(299091411, 'Pedro Pinto', 'R. Dom Manuel Barbuda e Vasconcelos, 3810-498 Aveiro', '937371075', 'ped_p93@hotmail.com');
INSERT INTO supermarket.client(clientID, website, clientSince, NIF) VALUES(326, '', '2010/12/30', 299091411);
INSERT INTO supermarket.person(NIF, name, address, phone, email) VALUES(219620821, 'Diogo Rocha', 'Avenida Manuel Maria Da Rocha Colmieiro, 3800-305 Aveiro', '937586596', 'diog.ro93@outlook.com');
INSERT INTO supermarket.client(clientID, website, clientSince, NIF) VALUES(327, '', '2019/03/02', 219620821);
INSERT INTO supermarket.person(NIF, name, address, phone, email) VALUES(293799387, 'Mariana Cunha', 'Alameda Silva Rocha, 3800-385 Aveiro', '926539338', 'macunh92@outlook.pt');
INSERT INTO supermarket.client(clientID, website, clientSince, NIF) VALUES(328, '', '2012/09/07', 293799387);
INSERT INTO supermarket.person(NIF, name, address, phone, email) VALUES(281191901, 'Afonso Oliveira', 'Estr. de São Bernardo 192, 3810-164 Aveiro', '922347370', 'afo92@sapo.pt');
INSERT INTO supermarket.client(clientID, website, clientSince, NIF) VALUES(329, '', '2010/05/10', 281191901);
INSERT INTO supermarket.person(NIF, name, address, phone, email) VALUES(218416614, 'Diogo Matos', 'R. Marquês de Pombal 99, 3800-527 Cacia', '932360869', 'di_mato93@sapo.com');
INSERT INTO supermarket.client(clientID, website, clientSince, NIF) VALUES(330, '', '2020/01/12', 218416614);
INSERT INTO supermarket.person(NIF, name, address, phone, email) VALUES(269256169, 'Artur Jesus', 'Variante à N326 3811, 3811-902 Aveiro', '933472680', 'art_jesu93@outlook.pt');
INSERT INTO supermarket.client(clientID, website, clientSince, NIF) VALUES(331, '', '2017/12/22', 269256169);
INSERT INTO supermarket.person(NIF, name, address, phone, email) VALUES(224667115, 'André Reis', 'Rua de Vicente Almeida de Eça 12, 3800-144 Aveiro', '916328831', 'a_rei91@sapo.pt');
INSERT INTO supermarket.client(clientID, website, clientSince, NIF) VALUES(332, '', '2014/07/19', 224667115);
INSERT INTO supermarket.person(NIF, name, address, phone, email) VALUES(243041780, 'Patrícia Costa', 'Avenida Manuel Maria Da Rocha Colmieiro, 3800-305 Aveiro', '931734788', 'pat.cos93@sapo.pt');
INSERT INTO supermarket.client(clientID, website, clientSince, NIF) VALUES(333, '', '2018/08/08', 243041780);
INSERT INTO supermarket.person(NIF, name, address, phone, email) VALUES(279766518, 'Daniela Ferreira', 'R. da Paz 109 A, 3800-587 Cacia', '937417706', 'dani_fe93@aol.pt');
INSERT INTO supermarket.client(clientID, website, clientSince, NIF) VALUES(334, '', '2018/01/26', 279766518);
INSERT INTO supermarket.person(NIF, name, address, phone, email) VALUES(225560055, 'Santiago Martins', 'R. da Cabreira 164, 3810-071 Aveiro', '918808268', 'san.mar91@gmail.com');
INSERT INTO supermarket.client(clientID, website, clientSince, NIF) VALUES(335, '', '2011/06/25', 225560055);
INSERT INTO supermarket.person(NIF, name, address, phone, email) VALUES(240092679, 'Daniela Costa', 'R. Eng. Von Haff 27, 3800-177 Aveiro', '961089604', 'dacost96@outlook.pt');
INSERT INTO supermarket.client(clientID, website, clientSince, NIF) VALUES(336, '', '2010/07/01', 240092679);
INSERT INTO supermarket.person(NIF, name, address, phone, email) VALUES(213698058, 'Santiago Reis', 'Rua de Vicente Almeida de Eça 12, 3800-144 Aveiro', '927948026', 'sant_rei92@hotmail.com');
INSERT INTO supermarket.client(clientID, website, clientSince, NIF) VALUES(337, '', '2018/01/10', 213698058);
INSERT INTO supermarket.person(NIF, name, address, phone, email) VALUES(226223633, 'Patrícia Pinto', 'R. Cónego Maio 133, 3810-089 Aveiro', '929862262', 'patr_pi92@gmail.com');
INSERT INTO supermarket.employee(employeeID, employeeSince, salary, jobtitle, NIF) VALUES(38, '2020/04/25', 671, 'Operador de Caixa', 226223633);
INSERT INTO supermarket.person(NIF, name, address, phone, email) VALUES(228288021, 'Eduardo Carvalho', 'R. da Cabreira 164, 3810-071 Aveiro', '963102167', 'edua.ca96@hotmail.com');
INSERT INTO supermarket.employee(employeeID, employeeSince, salary, jobtitle, NIF) VALUES(39, '2020/09/12', 604, 'Operador de Caixa', 228288021);
INSERT INTO supermarket.person(NIF, name, address, phone, email) VALUES(292603418, 'Fábio Silva', 'R. dos Bombeiros da Celulose 85, 3800-536 Cacia', '936201947', 'fabis93@gmail.pt');
INSERT INTO supermarket.client(clientID, website, clientSince, NIF) VALUES(338, '', '2013/01/31', 292603418);
INSERT INTO supermarket.person(NIF, name, address, phone, email) VALUES(283690523, 'Filipe Rocha', 'R. das Cavadas 80, 3810-030 Aveiro', '936445419', 'fro93@outlook.com');
INSERT INTO supermarket.client(clientID, website, clientSince, NIF) VALUES(339, '', '2012/06/08', 283690523);
INSERT INTO supermarket.person(NIF, name, address, phone, email) VALUES(286180897, 'Leonor Gomes', 'Zona Industrial da Taboeira Aveiro, Retail Park Lote F, 3800-055 Aveiro', '911913135', 'leo_gom91@gmail.com');
INSERT INTO supermarket.client(clientID, website, clientSince, NIF) VALUES(340, '', '2019/03/04', 286180897);
INSERT INTO supermarket.person(NIF, name, address, phone, email) VALUES(242853410, 'Leonor Jesus', 'R. Cónego Maio 133, 3810-089 Aveiro', '963075015', 'le_jes96@outlook.pt');
INSERT INTO supermarket.client(clientID, website, clientSince, NIF) VALUES(341, '', '2014/05/08', 242853410);
INSERT INTO supermarket.person(NIF, name, address, phone, email) VALUES(280348198, 'Miguel Oliveira', 'Estr. de São Bernardo 318E, 3810-174 Aveiro', '967072709', 'migo96@hotmail.pt');
INSERT INTO supermarket.client(clientID, website, clientSince, NIF) VALUES(342, '', '2013/10/28', 280348198);
INSERT INTO supermarket.person(NIF, name, address, phone, email) VALUES(246253095, 'Tomé Soares', 'R. Dom Manuel Barbuda e Vasconcelos, 3810-498 Aveiro', '913493144', 't.soa91@aol.com');
INSERT INTO supermarket.client(clientID, website, clientSince, NIF) VALUES(343, '', '2019/07/23', 246253095);
INSERT INTO supermarket.person(NIF, name, address, phone, email) VALUES(248645172, 'Marta Lourenço', 'Av. Europa 191, 3800-533 Cacia', '964228727', 'malo96@gmail.pt');
INSERT INTO supermarket.client(clientID, website, clientSince, NIF) VALUES(344, '', '2016/12/11', 248645172);
INSERT INTO supermarket.person(NIF, name, address, phone, email) VALUES(266020411, 'Vanessa Oliveira', 'Avenida Manuel Maria Da Rocha Colmieiro, 3800-305 Aveiro', '916110946', 'vaneo91@gmail.pt');
INSERT INTO supermarket.client(clientID, website, clientSince, NIF) VALUES(345, '', '2019/08/10', 266020411);
INSERT INTO supermarket.person(NIF, name, address, phone, email) VALUES(273909313, 'Afonso Gomes', 'Av. Europa 191, 3800-533 Cacia', '965230421', 'afgom96@aol.pt');
INSERT INTO supermarket.client(clientID, website, clientSince, NIF) VALUES(346, '', '2019/08/20', 273909313);
INSERT INTO supermarket.person(NIF, name, address, phone, email) VALUES(290891330, 'Santiago Martins', 'R. da Paz 109 A, 3800-587 Cacia', '967969040', 'smart96@mail.pt');
INSERT INTO supermarket.client(clientID, website, clientSince, NIF) VALUES(347, '', '2010/01/02', 290891330);
INSERT INTO supermarket.person(NIF, name, address, phone, email) VALUES(273704516, 'Telmo Coelho', 'Avenida Manuel Maria Da Rocha Colmieiro, 3800-305 Aveiro', '925670178', 'telmco92@aol.com');
INSERT INTO supermarket.client(clientID, website, clientSince, NIF) VALUES(348, '', '2018/09/18', 273704516);
INSERT INTO supermarket.person(NIF, name, address, phone, email) VALUES(202286661, 'Pedro Almeida', 'R. da Paz 109 A, 3800-587 Cacia', '914563183', 'pealm91@hotmail.pt');
INSERT INTO supermarket.client(clientID, website, clientSince, NIF) VALUES(349, '', '2019/01/23', 202286661);
INSERT INTO supermarket.person(NIF, name, address, phone, email) VALUES(214402635, 'Afonso Ferreira', 'R. do Norte nº1 Loja D, 3830-167 Gafanha de Aquém', '924157882', 'afo_ferr92@hotmail.com');
INSERT INTO supermarket.client(clientID, website, clientSince, NIF) VALUES(350, '', '2010/07/19', 214402635);
INSERT INTO supermarket.person(NIF, name, address, phone, email) VALUES(208471633, 'Telmo Ferreira', 'Zona Industrial da Taboeira Aveiro, Retail Park Lote F, 3800-055 Aveiro', '927229184', 'telmferr92@mail.pt');
INSERT INTO supermarket.client(clientID, website, clientSince, NIF) VALUES(351, '', '2015/02/07', 208471633);
INSERT INTO supermarket.person(NIF, name, address, phone, email) VALUES(206366290, 'Raquel Ramos', 'R. Eng. Von Haff 27, 3800-177 Aveiro', '913087981', 'ra_ram91@hotmail.pt');
INSERT INTO supermarket.client(clientID, website, clientSince, NIF) VALUES(352, '', '2010/06/13', 206366290);
INSERT INTO supermarket.person(NIF, name, address, phone, email) VALUES(247580248, 'Sophie Ferreira', 'Estr. de São Bernardo 318E, 3810-174 Aveiro', '933621439', 's.ferr93@sapo.com');
INSERT INTO supermarket.client(clientID, website, clientSince, NIF) VALUES(353, '', '2017/01/22', 247580248);
INSERT INTO supermarket.person(NIF, name, address, phone, email) VALUES(227911258, 'Alexandre Reis', 'Rua de Vicente Almeida de Eça 12, 3800-144 Aveiro', '964845514', 'alexre96@sapo.com');
INSERT INTO supermarket.client(clientID, website, clientSince, NIF) VALUES(354, '', '2020/07/18', 227911258);
INSERT INTO supermarket.person(NIF, name, address, phone, email) VALUES(250488420, 'Patrícia Machado', 'Feira Nova Hipermercados, Esgueira, 3800-000 Aveiro', '962883280', 'p.ma96@sapo.pt');
INSERT INTO supermarket.client(clientID, website, clientSince, NIF) VALUES(355, '', '2016/02/16', 250488420);
INSERT INTO supermarket.person(NIF, name, address, phone, email) VALUES(230557291, 'Gonçalo Pires', 'R. Cónego Maio 133, 3810-089 Aveiro', '915443549', 'gonp91@outlook.com');
INSERT INTO supermarket.client(clientID, website, clientSince, NIF) VALUES(356, '', '2015/11/24', 230557291);
INSERT INTO supermarket.person(NIF, name, address, phone, email) VALUES(207070830, 'Guilherme Rocha', 'Av. Europa 705, 3810-140 Aveiro', '964460666', 'gui.r96@mail.com');
INSERT INTO supermarket.client(clientID, website, clientSince, NIF) VALUES(357, '', '2016/08/10', 207070830);
INSERT INTO supermarket.person(NIF, name, address, phone, email) VALUES(288867954, 'Bernardo Neves', 'R. Eng. Von Haff 27, 3800-177 Aveiro', '917716627', 'b.neve91@mail.pt');
INSERT INTO supermarket.client(clientID, website, clientSince, NIF) VALUES(358, '', '2020/07/17', 288867954);
INSERT INTO supermarket.person(NIF, name, address, phone, email) VALUES(254469753, 'Leandro Ramos', 'R. das Pombas, 3810-150 Aveiro', '967521681', 'le.ram96@outlook.com');
INSERT INTO supermarket.client(clientID, website, clientSince, NIF) VALUES(359, '', '2010/01/08', 254469753);
INSERT INTO supermarket.person(NIF, name, address, phone, email) VALUES(261826173, 'Artur Ferreira', 'Estr. de São Bernardo 192, 3810-164 Aveiro', '919078876', 'artuf91@mail.com');
INSERT INTO supermarket.client(clientID, website, clientSince, NIF) VALUES(360, '', '2018/04/23', 261826173);
INSERT INTO supermarket.person(NIF, name, address, phone, email) VALUES(238265988, 'Patrícia Dias', 'R. Cónego Maio 133, 3810-089 Aveiro', '969889138', 'patr_di96@hotmail.pt');
INSERT INTO supermarket.client(clientID, website, clientSince, NIF) VALUES(361, '', '2014/12/08', 238265988);
INSERT INTO supermarket.person(NIF, name, address, phone, email) VALUES(264513160, 'José Teixeira', 'R. da Paz 109 A, 3800-587 Cacia', '961921687', 'jos_tei96@aol.pt');
INSERT INTO supermarket.client(clientID, website, clientSince, NIF) VALUES(362, '', '2010/07/05', 264513160);
INSERT INTO supermarket.person(NIF, name, address, phone, email) VALUES(206562954, 'Filipe Moreira', 'R. da Paz nº2, 3800-309 Aveiro', '966430382', 'fil_mo96@outlook.com');
INSERT INTO supermarket.client(clientID, website, clientSince, NIF) VALUES(363, '', '2011/09/21', 206562954);
INSERT INTO supermarket.person(NIF, name, address, phone, email) VALUES(265913999, 'Filipe Monteiro', 'Avenida Manuel Maria Da Rocha Colmieiro, 3800-305 Aveiro', '927103052', 'fm92@mail.com');
INSERT INTO supermarket.client(clientID, website, clientSince, NIF) VALUES(364, '', '2012/03/10', 265913999);
INSERT INTO supermarket.person(NIF, name, address, phone, email) VALUES(290162329, 'Eduardo Figueiredo', 'R. dos Bombeiros da Celulose 85, 3800-536 Cacia', '914203714', 'eduafigu91@hotmail.pt');
INSERT INTO supermarket.client(clientID, website, clientSince, NIF) VALUES(365, '', '2010/12/31', 290162329);
INSERT INTO supermarket.person(NIF, name, address, phone, email) VALUES(229222045, 'Guilherme Rodrigues', 'R. da Paz nº2, 3800-309 Aveiro', '965082247', 'gu_rod96@outlook.pt');
INSERT INTO supermarket.client(clientID, website, clientSince, NIF) VALUES(366, '', '2014/10/19', 229222045);
INSERT INTO supermarket.person(NIF, name, address, phone, email) VALUES(222111391, 'Rute Vieira', 'R. dos Bombeiros da Celulose 85, 3800-536 Cacia', '918286195', 'r.vie91@mail.pt');
INSERT INTO supermarket.client(clientID, website, clientSince, NIF) VALUES(367, '', '2019/03/25', 222111391);
INSERT INTO supermarket.person(NIF, name, address, phone, email) VALUES(247006891, 'Ana Almeida', 'Av. Europa 705, 3810-140 Aveiro', '966520449', 'anaa96@aol.com');
INSERT INTO supermarket.client(clientID, website, clientSince, NIF) VALUES(368, '', '2019/01/10', 247006891);
INSERT INTO supermarket.person(NIF, name, address, phone, email) VALUES(220866221, 'Manuel Simões', 'Urbanização Chave 52, 3810-081 Aveiro', '918873635', 'm.simo91@gmail.pt');
INSERT INTO supermarket.client(clientID, website, clientSince, NIF) VALUES(369, '', '2010/08/17', 220866221);
INSERT INTO supermarket.person(NIF, name, address, phone, email) VALUES(275850930, 'Rute Santos', 'Urbanização Chave 52, 3810-081 Aveiro', '925081238', 'rsan92@sapo.pt');
INSERT INTO supermarket.client(clientID, website, clientSince, NIF) VALUES(370, '', '2015/07/18', 275850930);
INSERT INTO supermarket.person(NIF, name, address, phone, email) VALUES(244033206, 'Leonor Castro', 'R. das Pombas, 3810-150 Aveiro', '963978510', 'leo.ca96@gmail.com');
INSERT INTO supermarket.client(clientID, website, clientSince, NIF) VALUES(371, '', '2012/06/23', 244033206);
INSERT INTO supermarket.person(NIF, name, address, phone, email) VALUES(208987833, 'Catarina Sousa', 'R. das Pombas, 3810-150 Aveiro', '961254574', 'ca_so96@sapo.pt');
INSERT INTO supermarket.client(clientID, website, clientSince, NIF) VALUES(372, '', '2020/05/14', 208987833);
INSERT INTO supermarket.person(NIF, name, address, phone, email) VALUES(202598080, 'Pedro Rocha', 'R. Cónego Maio 74, 3810-089 Aveiro', '969113237', 'pe.roc96@mail.pt');
INSERT INTO supermarket.client(clientID, website, clientSince, NIF) VALUES(373, '', '2016/02/26', 202598080);
INSERT INTO supermarket.person(NIF, name, address, phone, email) VALUES(205260483, 'Nuno Ferreira', 'R. Eng. Von Haff 27, 3800-177 Aveiro', '935485593', 'n.fer93@sapo.pt');
INSERT INTO supermarket.client(clientID, website, clientSince, NIF) VALUES(374, '', '2012/09/11', 205260483);
INSERT INTO supermarket.person(NIF, name, address, phone, email) VALUES(277038789, 'Bernardo Mendes', 'R. das Pombas, 3810-150 Aveiro', '915158697', 'bemen91@outlook.pt');
INSERT INTO supermarket.client(clientID, website, clientSince, NIF) VALUES(375, '', '2010/09/08', 277038789);
INSERT INTO supermarket.person(NIF, name, address, phone, email) VALUES(284264140, 'Cátia Pires', 'Estr. de São Bernardo 192, 3810-164 Aveiro', '961410366', 'c.pir96@gmail.com');
INSERT INTO supermarket.client(clientID, website, clientSince, NIF) VALUES(376, '', '2020/03/10', 284264140);
INSERT INTO supermarket.person(NIF, name, address, phone, email) VALUES(210994899, 'Vanessa Pires', 'Av. Europa 191, 3800-533 Cacia', '933901301', 'v_pi93@aol.pt');
INSERT INTO supermarket.client(clientID, website, clientSince, NIF) VALUES(377, '', '2014/10/04', 210994899);
INSERT INTO supermarket.person(NIF, name, address, phone, email) VALUES(210560731, 'Raquel Pinto', 'Variante à N326 3811, 3811-902 Aveiro', '963907677', 'rp96@mail.com');
INSERT INTO supermarket.client(clientID, website, clientSince, NIF) VALUES(378, '', '2019/06/13', 210560731);
INSERT INTO supermarket.person(NIF, name, address, phone, email) VALUES(278660827, 'Guilherme Pinto', 'Zona Industrial da Taboeira Aveiro, Retail Park Lote F, 3800-055 Aveiro', '922563530', 'g_pint92@mail.com');
INSERT INTO supermarket.client(clientID, website, clientSince, NIF) VALUES(379, '', '2011/08/30', 278660827);
INSERT INTO supermarket.person(NIF, name, address, phone, email) VALUES(220079836, 'Mariana Gomes', 'R. Dom Manuel Barbuda e Vasconcelos, 3810-498 Aveiro', '934124590', 'mari_go93@mail.pt');
INSERT INTO supermarket.client(clientID, website, clientSince, NIF) VALUES(380, '', '2014/09/10', 220079836);
INSERT INTO supermarket.person(NIF, name, address, phone, email) VALUES(226223848, 'Raquel Martins', 'R. das Pombas, 3810-150 Aveiro', '928209161', 'ra.ma92@outlook.com');
INSERT INTO supermarket.client(clientID, website, clientSince, NIF) VALUES(381, '', '2010/01/21', 226223848);
INSERT INTO supermarket.person(NIF, name, address, phone, email) VALUES(211805928, 'Tiago Neves', 'R. das Pombas, 3810-150 Aveiro', '911110573', 'tiagnev91@hotmail.com');
INSERT INTO supermarket.employee(employeeID, employeeSince, salary, jobtitle, NIF) VALUES(40, '2016/12/28', 690, 'Operador de Caixa', 211805928);
INSERT INTO supermarket.person(NIF, name, address, phone, email) VALUES(232646382, 'Matilde Dias', 'R. das Pombas, 3810-150 Aveiro', '918346828', 'matdi91@gmail.pt');
INSERT INTO supermarket.client(clientID, website, clientSince, NIF) VALUES(382, '', '2018/01/27', 232646382);
INSERT INTO supermarket.person(NIF, name, address, phone, email) VALUES(271451891, 'Vanessa Ferreira', 'R. Dom Manuel Barbuda e Vasconcelos, 3810-498 Aveiro', '924961882', 'vaf92@hotmail.com');
INSERT INTO supermarket.client(clientID, website, clientSince, NIF) VALUES(383, '', '2012/07/24', 271451891);
INSERT INTO supermarket.person(NIF, name, address, phone, email) VALUES(231646965, 'Miguel Santos', 'Alameda Silva Rocha, 3800-385 Aveiro', '938215163', 'mig.sant93@aol.com');
INSERT INTO supermarket.client(clientID, website, clientSince, NIF) VALUES(384, '', '2017/05/14', 231646965);
INSERT INTO supermarket.person(NIF, name, address, phone, email) VALUES(221267714, 'Tomé Neves', 'R. da Paz 109 A, 3800-587 Cacia', '965683161', 'tome.ne96@outlook.pt');
INSERT INTO supermarket.client(clientID, website, clientSince, NIF) VALUES(385, '', '2016/03/16', 221267714);
INSERT INTO supermarket.person(NIF, name, address, phone, email) VALUES(228566790, 'Bernardo Raposo', 'R. dos Bombeiros da Celulose 85, 3800-536 Cacia', '929305817', 'bra92@outlook.pt');
INSERT INTO supermarket.client(clientID, website, clientSince, NIF) VALUES(386, '', '2017/05/18', 228566790);
INSERT INTO supermarket.person(NIF, name, address, phone, email) VALUES(290244364, 'Patrícia Castro', 'R. Dom Manuel Barbuda e Vasconcelos, 3810-498 Aveiro', '914990525', 'patrcast91@gmail.com');
INSERT INTO supermarket.client(clientID, website, clientSince, NIF) VALUES(387, '', '2012/08/13', 290244364);
INSERT INTO supermarket.person(NIF, name, address, phone, email) VALUES(218842899, 'Patrícia Moreira', 'R. do Norte, 3830-167 Gafanha de Aquém', '918401614', 'p.m91@aol.pt');
INSERT INTO supermarket.client(clientID, website, clientSince, NIF) VALUES(388, '', '2017/04/23', 218842899);
INSERT INTO supermarket.person(NIF, name, address, phone, email) VALUES(250267431, 'Rita Araújo', 'R. da Paz nº2, 3800-309 Aveiro', '917450368', 'r_a91@outlook.com');
INSERT INTO supermarket.client(clientID, website, clientSince, NIF) VALUES(389, '', '2017/08/20', 250267431);
INSERT INTO supermarket.person(NIF, name, address, phone, email) VALUES(228173610, 'Nuno Pereira', 'Av. Europa 705, 3810-140 Aveiro', '935230329', 'n.pe93@sapo.com');
INSERT INTO supermarket.client(clientID, website, clientSince, NIF) VALUES(390, '', '2015/05/26', 228173610);
INSERT INTO supermarket.person(NIF, name, address, phone, email) VALUES(268093227, 'Camila Teixeira', 'Avenida Manuel Maria Da Rocha Colmieiro, 3800-305 Aveiro', '933237267', 'camite93@outlook.com');
INSERT INTO supermarket.client(clientID, website, clientSince, NIF) VALUES(391, '', '2019/04/15', 268093227);
INSERT INTO supermarket.person(NIF, name, address, phone, email) VALUES(234506026, 'Pedro Cardoso', 'R. Cónego Maio 133, 3810-089 Aveiro', '933117616', 'ped.c93@aol.com');
INSERT INTO supermarket.client(clientID, website, clientSince, NIF) VALUES(392, '', '2019/01/30', 234506026);
INSERT INTO supermarket.person(NIF, name, address, phone, email) VALUES(247621427, 'Mariana Cardoso', 'Variante à N326 3811, 3811-902 Aveiro', '913201202', 'ma.card91@aol.pt');
INSERT INTO supermarket.client(clientID, website, clientSince, NIF) VALUES(393, '', '2016/12/03', 247621427);
INSERT INTO supermarket.person(NIF, name, address, phone, email) VALUES(253978421, 'Artur Santos', 'R. dos Bombeiros da Celulose 85, 3800-536 Cacia', '927251629', 'asa92@sapo.pt');
INSERT INTO supermarket.client(clientID, website, clientSince, NIF) VALUES(394, '', '2020/07/19', 253978421);
INSERT INTO supermarket.person(NIF, name, address, phone, email) VALUES(286590779, 'Rita Santos', 'Avenida Manuel Maria Da Rocha Colmieiro, 3800-305 Aveiro', '922567024', 'ri.sant92@sapo.pt');
INSERT INTO supermarket.client(clientID, website, clientSince, NIF) VALUES(395, '', '2018/10/26', 286590779);
INSERT INTO supermarket.person(NIF, name, address, phone, email) VALUES(275433277, 'Alexandre Lourenço', 'R. Direita de Aradas 103, 3810-005 Aveiro', '917070794', 'al91@hotmail.pt');
INSERT INTO supermarket.client(clientID, website, clientSince, NIF) VALUES(396, '', '2010/12/23', 275433277);
INSERT INTO supermarket.person(NIF, name, address, phone, email) VALUES(284051262, 'Leandro Monteiro', 'R. Cónego Maio 74, 3810-089 Aveiro', '938290281', 'le_mont93@mail.pt');
INSERT INTO supermarket.client(clientID, website, clientSince, NIF) VALUES(397, '', '2016/12/25', 284051262);
INSERT INTO supermarket.person(NIF, name, address, phone, email) VALUES(290621253, 'Alexandre Monteiro', 'R. das Cavadas 80, 3810-030 Aveiro', '926367935', 'alexmo92@outlook.pt');
INSERT INTO supermarket.employee(employeeID, employeeSince, salary, jobtitle, NIF) VALUES(41, '2010/08/01', 636, 'Operador de Caixa', 290621253);
INSERT INTO supermarket.person(NIF, name, address, phone, email) VALUES(274376528, 'André Pereira', 'R. Marquês de Pombal 99, 3800-527 Cacia', '924835576', 'anpe92@outlook.com');
INSERT INTO supermarket.client(clientID, website, clientSince, NIF) VALUES(398, '', '2013/07/23', 274376528);
INSERT INTO supermarket.person(NIF, name, address, phone, email) VALUES(250595163, 'Bernardo Raposo', 'Urbanização Chave 52, 3810-081 Aveiro', '916185116', 'bernrap91@hotmail.com');
INSERT INTO supermarket.client(clientID, website, clientSince, NIF) VALUES(399, '', '2016/06/08', 250595163);
INSERT INTO supermarket.person(NIF, name, address, phone, email) VALUES(279013212, 'Bernardo Pires', 'Rua de Vicente Almeida de Eça 12, 3800-144 Aveiro', '927959063', 'bern_pir92@outlook.com');
INSERT INTO supermarket.client(clientID, website, clientSince, NIF) VALUES(400, '', '2010/12/27', 279013212);
INSERT INTO supermarket.person(NIF, name, address, phone, email) VALUES(278685538, 'Cátia Nunes', 'R. das Pombas, 3810-150 Aveiro', '924893188', 'cati_nune92@sapo.com');
INSERT INTO supermarket.client(clientID, website, clientSince, NIF) VALUES(401, '', '2016/07/03', 278685538);
INSERT INTO supermarket.person(NIF, name, address, phone, email) VALUES(269215589, 'Afonso Coelho', 'R. Cónego Maio 133, 3810-089 Aveiro', '939661061', 'af.co93@outlook.com');
INSERT INTO supermarket.client(clientID, website, clientSince, NIF) VALUES(402, '', '2012/05/24', 269215589);
INSERT INTO supermarket.person(NIF, name, address, phone, email) VALUES(218605417, 'Vanessa Rodrigues', 'R. Dom Manuel Barbuda e Vasconcelos, 3810-498 Aveiro', '933862734', 'vanrod93@aol.pt');
INSERT INTO supermarket.employee(employeeID, employeeSince, salary, jobtitle, NIF) VALUES(42, '2014/11/24', 695, 'Operador de Caixa', 218605417);
INSERT INTO supermarket.person(NIF, name, address, phone, email) VALUES(262842220, 'Guilherme Tavares', 'Estr. de São Bernardo 318E, 3810-174 Aveiro', '962954775', 'gui.tav96@aol.pt');
INSERT INTO supermarket.employee(employeeID, employeeSince, salary, jobtitle, NIF) VALUES(43, '2011/02/07', 674, 'Operador de Caixa', 262842220);
INSERT INTO supermarket.person(NIF, name, address, phone, email) VALUES(295798638, 'Mariana Gomes', 'Zona Industrial da Taboeira Aveiro, Retail Park Lote F, 3800-055 Aveiro', '922292016', 'm_gome92@gmail.pt');
INSERT INTO supermarket.client(clientID, website, clientSince, NIF) VALUES(403, '', '2017/01/23', 295798638);
INSERT INTO supermarket.person(NIF, name, address, phone, email) VALUES(276703088, 'Rita Fernandes', 'Estr. de São Bernardo 192, 3810-164 Aveiro', '917401642', 'rit.f91@gmail.com');
INSERT INTO supermarket.employee(employeeID, employeeSince, salary, jobtitle, NIF) VALUES(44, '2020/12/06', 648, 'Operador de Caixa', 276703088);
INSERT INTO supermarket.person(NIF, name, address, phone, email) VALUES(273008503, 'Diogo Silva', 'Avenida Manuel Maria Da Rocha Colmieiro, 3800-305 Aveiro', '912377080', 'dios91@aol.pt');
INSERT INTO supermarket.client(clientID, website, clientSince, NIF) VALUES(404, '', '2019/03/10', 273008503);
INSERT INTO supermarket.person(NIF, name, address, phone, email) VALUES(236513150, 'Santiago Lourenço', 'Estr. de São Bernardo 192, 3810-164 Aveiro', '932331095', 's.lour93@mail.pt');
INSERT INTO supermarket.client(clientID, website, clientSince, NIF) VALUES(405, '', '2013/07/20', 236513150);
INSERT INTO supermarket.person(NIF, name, address, phone, email) VALUES(227067775, 'Tiago Rocha', 'Rua de Vicente Almeida de Eça 12, 3800-144 Aveiro', '963970156', 'tiagroch96@hotmail.pt');
INSERT INTO supermarket.client(clientID, website, clientSince, NIF) VALUES(406, '', '2011/05/24', 227067775);
INSERT INTO supermarket.person(NIF, name, address, phone, email) VALUES(236504971, 'Pedro Cardoso', 'R. Cónego Maio 74, 3810-089 Aveiro', '923608904', 'pe.c92@sapo.com');
INSERT INTO supermarket.client(clientID, website, clientSince, NIF) VALUES(407, '', '2018/12/07', 236504971);
INSERT INTO supermarket.person(NIF, name, address, phone, email) VALUES(246204305, 'Tomé Jesus', 'Alameda Silva Rocha, 3800-385 Aveiro', '963590298', 'tomjesu96@aol.pt');
INSERT INTO supermarket.client(clientID, website, clientSince, NIF) VALUES(408, '', '2019/06/27', 246204305);
INSERT INTO supermarket.person(NIF, name, address, phone, email) VALUES(270460819, 'Rodrigo Raposo', 'Estr. de São Bernardo 318E, 3810-174 Aveiro', '916890945', 'r.rap91@mail.com');
INSERT INTO supermarket.client(clientID, website, clientSince, NIF) VALUES(409, '', '2017/07/16', 270460819);
INSERT INTO supermarket.person(NIF, name, address, phone, email) VALUES(211912596, 'Filipe Jesus', 'Zona Industrial da Taboeira Aveiro, Retail Park Lote F, 3800-055 Aveiro', '939170401', 'fil_j93@sapo.pt');
INSERT INTO supermarket.client(clientID, website, clientSince, NIF) VALUES(410, '', '2015/07/27', 211912596);
INSERT INTO supermarket.person(NIF, name, address, phone, email) VALUES(219064213, 'André Costa', 'R. da Paz nº2, 3800-309 Aveiro', '961061608', 'andco96@sapo.pt');
INSERT INTO supermarket.client(clientID, website, clientSince, NIF) VALUES(411, '', '2019/11/10', 219064213);
INSERT INTO supermarket.person(NIF, name, address, phone, email) VALUES(264587161, 'Camila Lopes', 'R. do Norte nº1 Loja D, 3830-167 Gafanha de Aquém', '923653301', 'camlo92@hotmail.com');
INSERT INTO supermarket.client(clientID, website, clientSince, NIF) VALUES(412, '', '2012/07/04', 264587161);
INSERT INTO supermarket.person(NIF, name, address, phone, email) VALUES(297617306, 'Sophie Lopes', 'Alameda Silva Rocha, 3800-385 Aveiro', '968359099', 's_lope96@aol.pt');
INSERT INTO supermarket.client(clientID, website, clientSince, NIF) VALUES(413, '', '2016/12/18', 297617306);
INSERT INTO supermarket.person(NIF, name, address, phone, email) VALUES(267585436, 'Catarina Figueiredo', 'R. Eng. Von Haff 27, 3800-177 Aveiro', '921927905', 'c.fig92@outlook.pt');
INSERT INTO supermarket.client(clientID, website, clientSince, NIF) VALUES(414, '', '2014/09/20', 267585436);
INSERT INTO supermarket.person(NIF, name, address, phone, email) VALUES(212903836, 'Matilde Lourenço', 'Estr. de São Bernardo 93, 3810-164 Aveiro', '932311314', 'malou93@aol.com');
INSERT INTO supermarket.client(clientID, website, clientSince, NIF) VALUES(415, '', '2013/06/04', 212903836);
INSERT INTO supermarket.person(NIF, name, address, phone, email) VALUES(246704038, 'Patrícia Ribeiro', 'R. Eng. Von Haff 27, 3800-177 Aveiro', '937047596', 'pribe93@hotmail.pt');
INSERT INTO supermarket.client(clientID, website, clientSince, NIF) VALUES(416, '', '2020/06/10', 246704038);
INSERT INTO supermarket.person(NIF, name, address, phone, email) VALUES(294979497, 'Marta Reis', 'R. das Cavadas 80, 3810-030 Aveiro', '917439143', 'mart_reis91@hotmail.com');
INSERT INTO supermarket.client(clientID, website, clientSince, NIF) VALUES(417, '', '2016/12/28', 294979497);
INSERT INTO supermarket.person(NIF, name, address, phone, email) VALUES(242149306, 'Filipe Soares', 'R. Cónego Maio 74, 3810-089 Aveiro', '964421173', 'fi.soa96@gmail.pt');
INSERT INTO supermarket.client(clientID, website, clientSince, NIF) VALUES(418, '', '2018/01/14', 242149306);
INSERT INTO supermarket.person(NIF, name, address, phone, email) VALUES(214960062, 'Manuel Lourenço', 'Variante à N326 3811, 3811-902 Aveiro', '928451959', 'mlo92@gmail.pt');
INSERT INTO supermarket.client(clientID, website, clientSince, NIF) VALUES(419, '', '2015/05/25', 214960062);
INSERT INTO supermarket.person(NIF, name, address, phone, email) VALUES(276973504, 'Tomé Santos', 'R. Eng. Von Haff 27, 3800-177 Aveiro', '925813620', 'tomesant92@hotmail.com');
INSERT INTO supermarket.client(clientID, website, clientSince, NIF) VALUES(420, '', '2011/04/19', 276973504);
INSERT INTO supermarket.person(NIF, name, address, phone, email) VALUES(261105603, 'Tomás Cruz', 'Alameda Silva Rocha, 3800-385 Aveiro', '911580211', 't_cru91@hotmail.pt');
INSERT INTO supermarket.client(clientID, website, clientSince, NIF) VALUES(421, '', '2012/07/29', 261105603);
INSERT INTO supermarket.person(NIF, name, address, phone, email) VALUES(265136071, 'José Sousa', 'R. dos Bombeiros da Celulose 85, 3800-536 Cacia', '915967216', 'joso91@sapo.pt');
INSERT INTO supermarket.client(clientID, website, clientSince, NIF) VALUES(422, '', '2018/10/14', 265136071);
INSERT INTO supermarket.person(NIF, name, address, phone, email) VALUES(280119243, 'Miguel Cunha', 'Urbanização Chave 52, 3810-081 Aveiro', '934196716', 'micunh93@aol.pt');
INSERT INTO supermarket.client(clientID, website, clientSince, NIF) VALUES(423, '', '2018/07/12', 280119243);
INSERT INTO supermarket.person(NIF, name, address, phone, email) VALUES(206645196, 'Mariana Rocha', 'Variante à N326 3811, 3811-902 Aveiro', '965866115', 'mari_ro96@outlook.pt');
INSERT INTO supermarket.employee(employeeID, employeeSince, salary, jobtitle, NIF) VALUES(45, '2020/01/12', 678, 'Operador de Caixa', 206645196);
INSERT INTO supermarket.person(NIF, name, address, phone, email) VALUES(274016215, 'Eva Ribeiro', 'Feira Nova Hipermercados, Esgueira, 3800-000 Aveiro', '914868538', 'eri91@outlook.com');
INSERT INTO supermarket.client(clientID, website, clientSince, NIF) VALUES(424, '', '2012/05/05', 274016215);
INSERT INTO supermarket.person(NIF, name, address, phone, email) VALUES(235317210, 'Cátia Ferreira', 'R. da Paz nº2, 3800-309 Aveiro', '918482640', 'cafer91@outlook.com');
INSERT INTO supermarket.client(clientID, website, clientSince, NIF) VALUES(425, '', '2010/05/21', 235317210);
INSERT INTO supermarket.person(NIF, name, address, phone, email) VALUES(275507162, 'Patrícia Correia', 'R. Cónego Maio 133, 3810-089 Aveiro', '962506020', 'pa_c96@hotmail.pt');
INSERT INTO supermarket.client(clientID, website, clientSince, NIF) VALUES(426, '', '2016/12/08', 275507162);
INSERT INTO supermarket.person(NIF, name, address, phone, email) VALUES(205072353, 'Miguel Pereira', 'R. Eng. Von Haff 27, 3800-177 Aveiro', '937593216', 'migu_pe93@outlook.pt');
INSERT INTO supermarket.client(clientID, website, clientSince, NIF) VALUES(427, '', '2017/11/11', 205072353);
INSERT INTO supermarket.person(NIF, name, address, phone, email) VALUES(215771109, 'Gonçalo Gomes', 'Estr. de São Bernardo 192, 3810-164 Aveiro', '913557010', 'go_gome91@sapo.com');
INSERT INTO supermarket.client(clientID, website, clientSince, NIF) VALUES(428, '', '2016/10/20', 215771109);
INSERT INTO supermarket.person(NIF, name, address, phone, email) VALUES(201467878, 'Rita Ramos', 'Av. Europa 705, 3810-140 Aveiro', '969024528', 'riramo96@aol.pt');
INSERT INTO supermarket.client(clientID, website, clientSince, NIF) VALUES(429, '', '2020/05/06', 201467878);
INSERT INTO supermarket.person(NIF, name, address, phone, email) VALUES(289335269, 'Eduardo Lopes', 'Rua de Vicente Almeida de Eça 12, 3800-144 Aveiro', '933748587', 'e.lo93@sapo.com');
INSERT INTO supermarket.client(clientID, website, clientSince, NIF) VALUES(430, '', '2016/03/21', 289335269);
INSERT INTO supermarket.person(NIF, name, address, phone, email) VALUES(210593770, 'Tomé Cunha', 'R. da Cabreira 164, 3810-071 Aveiro', '915582311', 'tocu91@aol.pt');
INSERT INTO supermarket.client(clientID, website, clientSince, NIF) VALUES(431, '', '2013/04/11', 210593770);
INSERT INTO supermarket.person(NIF, name, address, phone, email) VALUES(256927727, 'Leonor Jesus', 'R. Eng. Von Haff 27, 3800-177 Aveiro', '969697073', 'leonje96@sapo.com');
INSERT INTO supermarket.client(clientID, website, clientSince, NIF) VALUES(432, '', '2016/09/24', 256927727);
INSERT INTO supermarket.person(NIF, name, address, phone, email) VALUES(241559543, 'Nuno Carvalho', 'R. Dom Manuel Barbuda e Vasconcelos, 3810-498 Aveiro', '963431380', 'nunca96@mail.pt');
INSERT INTO supermarket.client(clientID, website, clientSince, NIF) VALUES(433, '', '2011/02/17', 241559543);
INSERT INTO supermarket.person(NIF, name, address, phone, email) VALUES(292538364, 'Eva Monteiro', 'R. da Cabreira 164, 3810-071 Aveiro', '931818546', 'eva_mon93@outlook.pt');
INSERT INTO supermarket.client(clientID, website, clientSince, NIF) VALUES(434, '', '2012/02/24', 292538364);
INSERT INTO supermarket.person(NIF, name, address, phone, email) VALUES(213264380, 'Eva Coelho', 'Estr. de São Bernardo 93, 3810-164 Aveiro', '934361708', 'evaco93@hotmail.pt');
INSERT INTO supermarket.client(clientID, website, clientSince, NIF) VALUES(435, '', '2011/03/17', 213264380);
INSERT INTO supermarket.person(NIF, name, address, phone, email) VALUES(277448704, 'Nuno Castro', 'R. das Pombas, 3810-150 Aveiro', '961947385', 'nun.cas96@aol.pt');
INSERT INTO supermarket.client(clientID, website, clientSince, NIF) VALUES(436, '', '2011/02/15', 277448704);
INSERT INTO supermarket.person(NIF, name, address, phone, email) VALUES(245934081, 'Daniela Pereira', 'R. da Paz 109 A, 3800-587 Cacia', '912239454', 'dan.p91@gmail.com');
INSERT INTO supermarket.client(clientID, website, clientSince, NIF) VALUES(437, '', '2013/02/02', 245934081);
INSERT INTO supermarket.person(NIF, name, address, phone, email) VALUES(212723716, 'Ana Sousa', 'R. do Norte nº1 Loja D, 3830-167 Gafanha de Aquém', '933786247', 'ana.s93@hotmail.com');
INSERT INTO supermarket.client(clientID, website, clientSince, NIF) VALUES(438, '', '2018/03/25', 212723716);
INSERT INTO supermarket.person(NIF, name, address, phone, email) VALUES(296069128, 'Santiago Araújo', 'Estr. de São Bernardo 93, 3810-164 Aveiro', '912525952', 'sanar91@gmail.com');
INSERT INTO supermarket.employee(employeeID, employeeSince, salary, jobtitle, NIF) VALUES(46, '2019/01/26', 691, 'Operador de Caixa', 296069128);
INSERT INTO supermarket.person(NIF, name, address, phone, email) VALUES(240150542, 'Beatriz Pires', 'Estr. de São Bernardo 318E, 3810-174 Aveiro', '963525493', 'b.p96@mail.pt');
INSERT INTO supermarket.client(clientID, website, clientSince, NIF) VALUES(439, '', '2017/01/30', 240150542);
INSERT INTO supermarket.person(NIF, name, address, phone, email) VALUES(297519119, 'Afonso Jesus', 'R. das Cavadas 80, 3810-030 Aveiro', '917823501', 'afonj91@mail.pt');
INSERT INTO supermarket.client(clientID, website, clientSince, NIF) VALUES(440, '', '2019/09/20', 297519119);
INSERT INTO supermarket.person(NIF, name, address, phone, email) VALUES(205080594, 'Eduardo Simões', 'R. do Norte, 3830-167 Gafanha de Aquém', '937951244', 'edu.simo93@sapo.pt');
INSERT INTO supermarket.client(clientID, website, clientSince, NIF) VALUES(441, '', '2017/06/04', 205080594);
INSERT INTO supermarket.person(NIF, name, address, phone, email) VALUES(290015268, 'Telmo Ribeiro', 'R. das Pombas, 3810-150 Aveiro', '925055399', 't.ri92@hotmail.com');
INSERT INTO supermarket.client(clientID, website, clientSince, NIF) VALUES(442, '', '2020/07/27', 290015268);
INSERT INTO supermarket.person(NIF, name, address, phone, email) VALUES(271845418, 'Rodrigo Santos', 'R. do Norte, 3830-167 Gafanha de Aquém', '968000702', 'ro.sant96@mail.com');
INSERT INTO supermarket.client(clientID, website, clientSince, NIF) VALUES(443, '', '2010/05/22', 271845418);
INSERT INTO supermarket.person(NIF, name, address, phone, email) VALUES(278407210, 'Camila Teixeira', 'Av. Europa 191, 3800-533 Cacia', '933861425', 'ct93@mail.pt');
INSERT INTO supermarket.client(clientID, website, clientSince, NIF) VALUES(444, '', '2011/10/24', 278407210);
INSERT INTO supermarket.person(NIF, name, address, phone, email) VALUES(244459572, 'Rute Coelho', 'Av. Europa 705, 3810-140 Aveiro', '968996349', 'rute_c96@outlook.com');
INSERT INTO supermarket.client(clientID, website, clientSince, NIF) VALUES(445, '', '2017/11/28', 244459572);
INSERT INTO supermarket.person(NIF, name, address, phone, email) VALUES(203147320, 'Bernardo Ribeiro', 'Av. Europa 191, 3800-533 Cacia', '937184272', 'beri93@gmail.pt');
INSERT INTO supermarket.employee(employeeID, employeeSince, salary, jobtitle, NIF) VALUES(47, '2018/04/24', 639, 'Operador de Caixa', 203147320);
INSERT INTO supermarket.person(NIF, name, address, phone, email) VALUES(217761864, 'Tomé Martins', 'R. Dom Manuel Barbuda e Vasconcelos, 3810-498 Aveiro', '933152022', 'tom93@hotmail.pt');
INSERT INTO supermarket.client(clientID, website, clientSince, NIF) VALUES(446, '', '2020/09/03', 217761864);
INSERT INTO supermarket.person(NIF, name, address, phone, email) VALUES(222488650, 'Gonçalo Rocha', 'R. da Paz 109 A, 3800-587 Cacia', '961523656', 'goncro96@sapo.com');
INSERT INTO supermarket.client(clientID, website, clientSince, NIF) VALUES(447, '', '2017/02/15', 222488650);
INSERT INTO supermarket.person(NIF, name, address, phone, email) VALUES(268290130, 'André Rocha', 'Estr. de São Bernardo 318E, 3810-174 Aveiro', '931354263', 'aroc93@gmail.com');
INSERT INTO supermarket.client(clientID, website, clientSince, NIF) VALUES(448, '', '2016/06/14', 268290130);
INSERT INTO supermarket.person(NIF, name, address, phone, email) VALUES(292939860, 'Guilherme Monteiro', 'R. Cónego Maio 74, 3810-089 Aveiro', '936123066', 'gm93@sapo.pt');
INSERT INTO supermarket.client(clientID, website, clientSince, NIF) VALUES(449, '', '2020/04/02', 292939860);
INSERT INTO supermarket.person(NIF, name, address, phone, email) VALUES(220981334, 'Eduardo Araújo', 'Estr. de São Bernardo 93, 3810-164 Aveiro', '933384105', 'edua_ara93@sapo.pt');
INSERT INTO supermarket.client(clientID, website, clientSince, NIF) VALUES(450, '', '2012/12/03', 220981334);
INSERT INTO supermarket.person(NIF, name, address, phone, email) VALUES(276154457, 'Vasco Mendes', 'R. da Paz 109 A, 3800-587 Cacia', '914001126', 'vascme91@sapo.pt');
INSERT INTO supermarket.client(clientID, website, clientSince, NIF) VALUES(451, '', '2016/07/20', 276154457);

-- insert suppliers

INSERT INTO supermarket.supplier(supplierID , organizationName, address, email, phone, supplierSince, NIF, website, description) VALUES(0, 'DHC - PRODUTOS ALIMENTARES, LDA', 'R. do Vale Covo Zona Industrial da Taboeira 3800-055, Aveiro', 'dhc. 92@aol.pt', '923075363', '2017/02/28', 224569439, '', '');
INSERT INTO supermarket.supplier(supplierID , organizationName, address, email, phone, supplierSince, NIF, website, description) VALUES(1, 'NORTE FOODS PORTUGAL', 'Alameda Silva Rocha, 3800-385 Aveiro', 'nort fo93@aol.com', '938896182', '2020/06/26', 204548191, '', '');
INSERT INTO supermarket.supplier(supplierID , organizationName, address, email, phone, supplierSince, NIF, website, description) VALUES(2, 'ATACADISTA - DISTRIBUIÇÃO ALIMENTAR, S.A.', 'Av. Europa 191, 3800-533 Cacia', 'ata.di93@aol.pt', '933805546', '2011/06/26', 204351584, '', '');
INSERT INTO supermarket.supplier(supplierID , organizationName, address, email, phone, supplierSince, NIF, website, description) VALUES(3, 'SAUDAL GREEN', 'R. Cónego Maio 133, 3810-089 Aveiro', 's_l96@sapo.pt', '964552606', '2017/12/06', 245213282, '', '');
INSERT INTO supermarket.supplier(supplierID , organizationName, address, email, phone, supplierSince, NIF, website, description) VALUES(4, 'M. CUNHA & COMPANHIA S.A', 'Variante à N326 3811, 3811-902 Aveiro', 'm. nh93@aol.com', '939372561', '2017/11/09', 214763630, '', '');
INSERT INTO supermarket.supplier(supplierID , organizationName, address, email, phone, supplierSince, NIF, website, description) VALUES(5, 'Ovopor-Agro-Pecuária dos Milagres SA', 'R. da Paz nº2, 3800-309 Aveiro', 'ovr93@outlook.com', '939953644', '2011/09/05', 210831472, '', '');
INSERT INTO supermarket.supplier(supplierID , organizationName, address, email, phone, supplierSince, NIF, website, description) VALUES(6, 'Frutas Cruzeiro, Lda', 'R. Eng. Von Haff 27, 3800-177 Aveiro', 'frus c93@gmail.pt', '938104869', '2015/07/07', 293111922, '', '');
INSERT INTO supermarket.supplier(supplierID , organizationName, address, email, phone, supplierSince, NIF, website, description) VALUES(7, 'Frigofril - Frio E Transportes, Lda', 'Feira Nova Hipermercados, Esgueira, 3800-000 Aveiro', 'frigf96@gmail.com', '962333724', '2019/12/22', 296839285, '', '');
INSERT INTO supermarket.supplier(supplierID , organizationName, address, email, phone, supplierSince, NIF, website, description) VALUES(8, 'Ignoramus - Produtos Naturais, Lda', 'Alameda Silva Rocha, 3800-385 Aveiro', 'igno_am93@sapo.com', '935218717', '2016/01/16', 261490815, '', '');
INSERT INTO supermarket.supplier(supplierID , organizationName, address, email, phone, supplierSince, NIF, website, description) VALUES(9, 'L. Ribeiro - Promoção E Distribuição Alimentar, Lda', 'R. Marquês de Pombal 99, 3800-527 Cacia', 'l. r_beir96@outlook.pt', '968260234', '2011/07/07', 298879107, '', '');

-- insert types

INSERT INTO supermarket.type(name, IVA) VALUES('Mercearia', 6);
INSERT INTO supermarket.type(name, IVA) VALUES('Laticínios e Ovos', 6);
INSERT INTO supermarket.type(name, IVA) VALUES('Peixaria e Talho', 6);
INSERT INTO supermarket.type(name, IVA) VALUES('Fruta e Legumes', 6);
INSERT INTO supermarket.type(name, IVA) VALUES('Charcutaria e Queijos', 6);
INSERT INTO supermarket.type(name, IVA) VALUES('Padaria e Pastelaria', 6);
INSERT INTO supermarket.type(name, IVA) VALUES('Congelados', 6);
INSERT INTO supermarket.type(name, IVA) VALUES('Bebidas e Garrafeira', 6);
INSERT INTO supermarket.type(name, IVA) VALUES('Higiene e Beleza', 6);
INSERT INTO supermarket.type(name, IVA) VALUES('Produtos de Limpeza', 6);
INSERT INTO supermarket.type(name, IVA) VALUES('Brinquedos e Jogos', 23);
INSERT INTO supermarket.type(name, IVA) VALUES('Livraria e Papelaria', 6);
